Workbook

Sheet General Summary
A1: General Summary - Azienda Demo S.r.l.
A3: Learner | B3: Tax ID | C3: Training Programme | D3: June 2026 | E3: July 2026 | F3: Total Earned Hours | G3: Min(150 h) | H3: Removed Hours | I3: Hours (text)
A4: BIANCHI LUCA | B4: MVULOQ57D31H065K | C4: Percorso A - Fondamenti | D4: =IFERROR(INDEX('June 2026'!AH4:AH16,MATCH("MVULOQ57D31H065K",'June 2026'!B4:B16,0)),0) | E4: =IFERROR(INDEX('July 2026'!AI4:AI16,MATCH("MVULOQ57D31H065K",'July 2026'!B4:B16,0)),0) | F4: =SUM(D4:E4) | G4: =MIN(F4,150/24) | H4: =IFERROR(INDEX('June 2026'!AJ4:AJ16,MATCH("MVULOQ57D31H065K",'June 2026'!B4:B16,0)),0)+IFERROR(INDEX('July 2026'!AK4:AK16,MATCH("MVULOQ57D31H065K",'July 2026'!B4:B16,0)),0) | I4: =TEXT(INT(G4*24),"0")&" H "&TEXT(INT(MOD(G4*24,1)*60),"00")&" M "&TEXT(INT(MOD(G4*24*60,1)*60),"00")&" S"
A5: CONTI MARCO | B5: YRBOCK32K14Y413Q | C5: Percorso B - Specializzazione | D5: =IFERROR(INDEX('June 2026'!AH4:AH16,MATCH("YRBOCK32K14Y413Q",'June 2026'!B4:B16,0)),0) | E5: =IFERROR(INDEX('July 2026'!AI4:AI16,MATCH("YRBOCK32K14Y413Q",'July 2026'!B4:B16,0)),0) | F5: =SUM(D5:E5) | G5: =MIN(F5,150/24) | H5: =IFERROR(INDEX('June 2026'!AJ4:AJ16,MATCH("YRBOCK32K14Y413Q",'June 2026'!B4:B16,0)),0)+IFERROR(INDEX('July 2026'!AK4:AK16,MATCH("YRBOCK32K14Y413Q",'July 2026'!B4:B16,0)),0) | I5: =TEXT(INT(G5*24),"0")&" H "&TEXT(INT(MOD(G5*24,1)*60),"00")&" M "&TEXT(INT(MOD(G5*24*60,1)*60),"00")&" S"
A6: FERRARI GIULIA | B6: LGVHVD45Y71N997T | C6: Percorso A - Fondamenti | D6: =IFERROR(INDEX('June 2026'!AH4:AH16,MATCH("LGVHVD45Y71N997T",'June 2026'!B4:B16,0)),0) | E6: =IFERROR(INDEX('July 2026'!AI4:AI16,MATCH("LGVHVD45Y71N997T",'July 2026'!B4:B16,0)),0) | F6: =SUM(D6:E6) | G6: =MIN(F6,150/24) | H6: =IFERROR(INDEX('June 2026'!AJ4:AJ16,MATCH("LGVHVD45Y71N997T",'June 2026'!B4:B16,0)),0)+IFERROR(INDEX('July 2026'!AK4:AK16,MATCH("LGVHVD45Y71N997T",'July 2026'!B4:B16,0)),0) | I6: =TEXT(INT(G6*24),"0")&" H "&TEXT(INT(MOD(G6*24,1)*60),"00")&" M "&TEXT(INT(MOD(G6*24*60,1)*60),"00")&" S"
A7: FONTANA CHIARA | B7: ZTEIBU61L70D728Q | C7: Percorso A - Fondamenti | D7: =IFERROR(INDEX('June 2026'!AH4:AH16,MATCH("ZTEIBU61L70D728Q",'June 2026'!B4:B16,0)),0) | E7: =IFERROR(INDEX('July 2026'!AI4:AI16,MATCH("ZTEIBU61L70D728Q",'July 2026'!B4:B16,0)),0) | F7: =SUM(D7:E7) | G7: =MIN(F7,150/24) | H7: =IFERROR(INDEX('June 2026'!AJ4:AJ16,MATCH("ZTEIBU61L70D728Q",'June 2026'!B4:B16,0)),0)+IFERROR(INDEX('July 2026'!AK4:AK16,MATCH("ZTEIBU61L70D728Q",'July 2026'!B4:B16,0)),0) | I7: =TEXT(INT(G7*24),"0")&" H "&TEXT(INT(MOD(G7*24,1)*60),"00")&" M "&TEXT(INT(MOD(G7*24*60,1)*60),"00")&" S"
A8: GALLO SARA | B8: DGJHLF38A90R129I | C8: Percorso B - Specializzazione | D8: =IFERROR(INDEX('June 2026'!AH4:AH16,MATCH("DGJHLF38A90R129I",'June 2026'!B4:B16,0)),0) | E8: =IFERROR(INDEX('July 2026'!AI4:AI16,MATCH("DGJHLF38A90R129I",'July 2026'!B4:B16,0)),0) | F8: =SUM(D8:E8) | G8: =MIN(F8,150/24) | H8: =IFERROR(INDEX('June 2026'!AJ4:AJ16,MATCH("DGJHLF38A90R129I",'June 2026'!B4:B16,0)),0)+IFERROR(INDEX('July 2026'!AK4:AK16,MATCH("DGJHLF38A90R129I",'July 2026'!B4:B16,0)),0) | I8: =TEXT(INT(G8*24),"0")&" H "&TEXT(INT(MOD(G8*24,1)*60),"00")&" M "&TEXT(INT(MOD(G8*24*60,1)*60),"00")&" S"
A9: LONGO ALESSANDRO | B9: FNFBMZ63F95J897B | C9: Percorso A - Fondamenti | D9: =IFERROR(INDEX('June 2026'!AH4:AH16,MATCH("FNFBMZ63F95J897B",'June 2026'!B4:B16,0)),0) | E9: =IFERROR(INDEX('July 2026'!AI4:AI16,MATCH("FNFBMZ63F95J897B",'July 2026'!B4:B16,0)),0) | F9: =SUM(D9:E9) | G9: =MIN(F9,150/24) | H9: =IFERROR(INDEX('June 2026'!AJ4:AJ16,MATCH("FNFBMZ63F95J897B",'June 2026'!B4:B16,0)),0)+IFERROR(INDEX('July 2026'!AK4:AK16,MATCH("FNFBMZ63F95J897B",'July 2026'!B4:B16,0)),0) | I9: =TEXT(INT(G9*24),"0")&" H "&TEXT(INT(MOD(G9*24,1)*60),"00")&" M "&TEXT(INT(MOD(G9*24*60,1)*60),"00")&" S"
A10: MORETTI DAVIDE | B10: BMIGDO11V27U654T | C10: Percorso B - Specializzazione | D10: =IFERROR(INDEX('June 2026'!AH4:AH16,MATCH("BMIGDO11V27U654T",'June 2026'!B4:B16,0)),0) | E10: =IFERROR(INDEX('July 2026'!AI4:AI16,MATCH("BMIGDO11V27U654T",'July 2026'!B4:B16,0)),0) | F10: =SUM(D10:E10) | G10: =MIN(F10,150/24) | H10: =IFERROR(INDEX('June 2026'!AJ4:AJ16,MATCH("BMIGDO11V27U654T",'June 2026'!B4:B16,0)),0)+IFERROR(INDEX('July 2026'!AK4:AK16,MATCH("BMIGDO11V27U654T",'July 2026'!B4:B16,0)),0) | I10: =TEXT(INT(G10*24),"0")&" H "&TEXT(INT(MOD(G10*24,1)*60),"00")&" M "&TEXT(INT(MOD(G10*24*60,1)*60),"00")&" S"
A11: RICCI ELENA | B11: DYUWDO21W38A047K | C11: Percorso B - Specializzazione | D11: =IFERROR(INDEX('June 2026'!AH4:AH16,MATCH("DYUWDO21W38A047K",'June 2026'!B4:B16,0)),0) | E11: =IFERROR(INDEX('July 2026'!AI4:AI16,MATCH("DYUWDO21W38A047K",'July 2026'!B4:B16,0)),0) | F11: =SUM(D11:E11) | G11: =MIN(F11,150/24) | H11: =IFERROR(INDEX('June 2026'!AJ4:AJ16,MATCH("DYUWDO21W38A047K",'June 2026'!B4:B16,0)),0)+IFERROR(INDEX('July 2026'!AK4:AK16,MATCH("DYUWDO21W38A047K",'July 2026'!B4:B16,0)),0) | I11: =TEXT(INT(G11*24),"0")&" H "&TEXT(INT(MOD(G11*24,1)*60),"00")&" M "&TEXT(INT(MOD(G11*24*60,1)*60),"00")&" S"
A12: ROMANO PAOLO | B12: QPUHIO09W36H278K | C12: Percorso A - Fondamenti | D12: =IFERROR(INDEX('June 2026'!AH4:AH16,MATCH("QPUHIO09W36H278K",'June 2026'!B4:B16,0)),0) | E12: =IFERROR(INDEX('July 2026'!AI4:AI16,MATCH("QPUHIO09W36H278K",'July 2026'!B4:B16,0)),0) | F12: =SUM(D12:E12) | G12: =MIN(F12,150/24) | H12: =IFERROR(INDEX('June 2026'!AJ4:AJ16,MATCH("QPUHIO09W36H278K",'June 2026'!B4:B16,0)),0)+IFERROR(INDEX('July 2026'!AK4:AK16,MATCH("QPUHIO09W36H278K",'July 2026'!B4:B16,0)),0) | I12: =TEXT(INT(G12*24),"0")&" H "&TEXT(INT(MOD(G12*24,1)*60),"00")&" M "&TEXT(INT(MOD(G12*24*60,1)*60),"00")&" S"
A13: ROSSI MARIA | B13: UDAXIH28E94D692X | C13: Percorso A - Fondamenti | D13: =IFERROR(INDEX('June 2026'!AH4:AH16,MATCH("UDAXIH28E94D692X",'June 2026'!B4:B16,0)),0) | E13: =IFERROR(INDEX('July 2026'!AI4:AI16,MATCH("UDAXIH28E94D692X",'July 2026'!B4:B16,0)),0) | F13: =SUM(D13:E13) | G13: =MIN(F13,150/24) | H13: =IFERROR(INDEX('June 2026'!AJ4:AJ16,MATCH("UDAXIH28E94D692X",'June 2026'!B4:B16,0)),0)+IFERROR(INDEX('July 2026'!AK4:AK16,MATCH("UDAXIH28E94D692X",'July 2026'!B4:B16,0)),0) | I13: =TEXT(INT(G13*24),"0")&" H "&TEXT(INT(MOD(G13*24,1)*60),"00")&" M "&TEXT(INT(MOD(G13*24*60,1)*60),"00")&" S"
A14: SERRA MARTINA | B14: SKQQRP90S38P835A | C14: Percorso A - Fondamenti | D14: =IFERROR(INDEX('June 2026'!AH4:AH16,MATCH("SKQQRP90S38P835A",'June 2026'!B4:B16,0)),0) | E14: =IFERROR(INDEX('July 2026'!AI4:AI16,MATCH("SKQQRP90S38P835A",'July 2026'!B4:B16,0)),0) | F14: =SUM(D14:E14) | G14: =MIN(F14,150/24) | H14: =IFERROR(INDEX('June 2026'!AJ4:AJ16,MATCH("SKQQRP90S38P835A",'June 2026'!B4:B16,0)),0)+IFERROR(INDEX('July 2026'!AK4:AK16,MATCH("SKQQRP90S38P835A",'July 2026'!B4:B16,0)),0) | I14: =TEXT(INT(G14*24),"0")&" H "&TEXT(INT(MOD(G14*24,1)*60),"00")&" M "&TEXT(INT(MOD(G14*24*60,1)*60),"00")&" S"
A15: VILLA SIMONE | B15: WPGDEC57F91O089Z | C15: Percorso A - Fondamenti | D15: =IFERROR(INDEX('June 2026'!AH4:AH16,MATCH("WPGDEC57F91O089Z",'June 2026'!B4:B16,0)),0) | E15: =IFERROR(INDEX('July 2026'!AI4:AI16,MATCH("WPGDEC57F91O089Z",'July 2026'!B4:B16,0)),0) | F15: =SUM(D15:E15) | G15: =MIN(F15,150/24) | H15: =IFERROR(INDEX('June 2026'!AJ4:AJ16,MATCH("WPGDEC57F91O089Z",'June 2026'!B4:B16,0)),0)+IFERROR(INDEX('July 2026'!AK4:AK16,MATCH("WPGDEC57F91O089Z",'July 2026'!B4:B16,0)),0) | I15: =TEXT(INT(G15*24),"0")&" H "&TEXT(INT(MOD(G15*24,1)*60),"00")&" M "&TEXT(INT(MOD(G15*24*60,1)*60),"00")&" S"
A16: TOTAL | D16: =SUM(D4:D15) | E16: =SUM(E4:E15) | F16: =SUM(F4:F15) | G16: =SUM(G4:G15) | H16: =SUM(H4:H15)

Sheet June 2026
A1: TRAINING HOURS MONITORING - June 2026 - Azienda Demo S.r.l.
A3: Learner | B3: Tax ID | C3: Training Programme | D3: 1 M | E3: 2 T | F3: 3 W | G3: 4 T | H3: 5 F | I3: 6 S | J3: 7 S | K3: 8 M | L3: 9 T | M3: 10 W | N3: 11 T | O3: 12 F | P3: 13 S | Q3: 14 S | R3: 15 M | S3: 16 T | T3: 17 W | U3: 18 T | V3: 19 F | W3: 20 S | X3: 21 S | Y3: 22 M | Z3: 23 T | AA3: 24 W | AB3: 25 T | AC3: 26 F | AD3: 27 S | AE3: 28 S | AF3: 29 M | AG3: 30 T | AH3: Total Effective Hours | AI3: Total Hours | AJ3: Total Excess | AK3: Excess Worked Hours | AL3: Weekend Excess | AM3: Excess After 18:00 | AN3: Early-Morning Excess
A4: BIANCHI LUCA | B4: MVULOQ57D31H065K | C4: Percorso A - Fondamenti | D4: 0.091099537 | E4: 0.10438657 | F4: 0.071643519 | K4: 0.037418981 | L4: 0.10475694 | O4: 0.058854167 | R4: 0.053541667 | T4: 0.1040625 | U4: 0.10231481 | Y4: 0.064259259 | Z4: 0.063333333 | AA4: 0.093090278 | AB4: 0.11392361 | AD4: 0 | AE4: 0 | AF4: 0.04974537 | AH4: =SUM(D4:AG4) | AI4: 1.2892593 | AJ4: =AI4-AH4 | AL4: 0.1768287
A5: CONTI MARCO | B5: YRBOCK32K14Y413Q | C5: Percorso B - Specializzazione | J5: 0 | M5: 0.099108796 | O5: 0.048831019 | P5: 0 | W5: 0 | AE5: 0 | AH5: =SUM(D5:AG5) | AI5: 0.48662037 | AJ5: =AI5-AH5 | AL5: 0.33868056
A6: FERRARI GIULIA | B6: LGVHVD45Y71N997T | C6: Percorso A - Fondamenti | G6: 0 | K6: 0 | M6: 0 | R6: 0 | S6: 0 | U6: 0 | V6: 0 | Y6: 0 | AA6: 0 | AB6: 0 | AC6: 0 | AF6: 0 | AG6: 0 | AH6: =SUM(D6:AG6) | AI6: 0.67947917 | AJ6: =AI6-AH6 | AM6: 0.67947917
A7: FONTANA CHIARA | B7: ZTEIBU61L70D728Q | C7: Percorso A - Fondamenti | E7: 0.042060185 | F7: 0.100625 | H7: 0.061886574 | K7: 0.10259259 | M7: 0.10177083 | O7: 0.10842593 | R7: 0.075347222 | T7: 0.050034722 | U7: 0.072905093 | V7: 0.092037037 | Y7: 0.087303241 | Z7: 0.11259259 | AA7: 0.084791667 | AB7: 0.098159722 | AC7: 0.038240741 | AF7: 0.1018287 | AH7: =SUM(D7:AG7) | AI7: 1.3306019 | AJ7: =AI7-AH7
A8: GALLO SARA | B8: DGJHLF38A90R129I | C8: Percorso B - Specializzazione | I8: 0 | N8: 0.079652778 | R8: 0.077997685 | W8: 0 | X8: 0 | AD8: 0 | AE8: 0 | AH8: =SUM(D8:AG8) | AI8: 0.47372685 | AJ8: =AI8-AH8 | AL8: 0.31607639
A9: LONGO ALESSANDRO | B9: FNFBMZ63F95J897B | C9: Percorso A - Fondamenti | E9: 0 | G9: 0 | H9: 0.0054166667 | I9: 0 | N9: 0 | R9: 0 | T9: 0 | V9: 0 | AB9: 0.0002662037 | AC9: 0 | AF9: 2.3148148e-05 | AH9: =SUM(D9:AG9) | AI9: 0.41568287 | AJ9: =AI9-AH9 | AL9: 0.033125 | AN9: 0.37685185
A10: MORETTI DAVIDE | B10: BMIGDO11V27U654T | C10: Percorso B - Specializzazione | D10: 0.10177083 | E10: 0.13961806 | F10: 0.099039352 | H10: 0.12013889 | J10: 0 | K10: 0.1084375 | L10: 0.24127315 | M10: 0.20762731 | N10: 0.10825231 | O10: 0.042523148 | P10: 0 | R10: 0.1790162 | S10: 0.20398148 | T10: 0.190625 | U10: 0.16131944 | V10: 0.22362269 | Z10: 0.24109954 | AA10: 0.12078704 | AB10: 0.054490741 | AC10: 0.33333333 | AF10: 0.23483796 | AH10: =SUM(D10:AG10) | AI10: 3.4926042 | AJ10: =AI10-AH10 | AL10: 0.35320602
A11: RICCI ELENA | B11: DYUWDO21W38A047K | C11: Percorso B - Specializzazione | D11: 0 | E11: 0 | F11: 0 | G11: 0.013851416 | K11: 0 | M11: 0.0066331733 | N11: 0 | S11: 0.0018171296 | Y11: 0 | Z11: 0.0067708333 | AA11: 0.010717593 | AC11: 0 | AF11: 0.016655093 | AG11: 0.018703704 | AH11: =SUM(D11:AG11) | AI11: 0.64954861 | AJ11: =AI11-AH11 | AN11: 0.57439967
A12: ROMANO PAOLO | B12: QPUHIO09W36H278K | C12: Percorso A - Fondamenti | D12: 0 | E12: 0 | F12: 0 | J12: 0 | K12: 0 | L12: 0 | M12: 0 | S12: 0 | T12: 0 | U12: 0 | V12: 0 | Y12: 0 | AE12: 0 | AF12: 0 | AG12: 0 | AH12: =SUM(D12:AG12) | AI12: 0.83803241 | AJ12: =AI12-AH12 | AL12: 0.11064815 | AM12: 0.72738426
A13: ROSSI MARIA | B13: UDAXIH28E94D692X | C13: Percorso A - Fondamenti | D13: 0.07337963 | E13: 0.090532407 | F13: 0.099988426 | H13: 0.053483796 | K13: 0.10332176 | N13: 0.062291667 | R13: 0.033171296 | Z13: 0.0878125 | AA13: 0.092962963 | AB13: 0.11013889 | AF13: 0.056770833 | AG13: 0.078796296 | AH13: =SUM(D13:AG13) | AI13: 0.94265046 | AJ13: =AI13-AH13
A14: SERRA MARTINA | B14: SKQQRP90S38P835A | C14: Percorso A - Fondamenti | I14: 0 | P14: 0 | Q14: 0 | X14: 0 | AD14: 0 | AE14: 0 | AH14: =SUM(D14:AG14) | AI14: 0.39789352 | AJ14: =AI14-AH14 | AL14: 0.39789352
A15: VILLA SIMONE | B15: WPGDEC57F91O089Z | C15: Percorso A - Fondamenti | D15: 0 | G15: 0 | K15: 0 | M15: 0 | N15: 0 | Q15: 0 | R15: 0 | T15: 0 | U15: 0 | V15: 0 | Y15: 0 | Z15: 0 | AA15: 0 | AC15: 0 | AF15: 0 | AG15: 0 | AH15: =SUM(D15:AG15) | AI15: 0.91725694 | AJ15: =AI15-AH15 | AL15: 0.065451389 | AM15: 0.85180556
A16: TOTAL | AH16: =SUM(AH4:AH15) | AI16: =SUM(AI4:AI15) | AJ16: =SUM(AJ4:AJ15) | AK16: =SUM(AK4:AK15) | AL16: =SUM(AL4:AL15) | AM16: =SUM(AM4:AM15) | AN16: =SUM(AN4:AN15)

Sheet July 2026
A1: TRAINING HOURS MONITORING - July 2026 - Azienda Demo S.r.l.
A3: Learner | B3: Tax ID | C3: Training Programme | D3: 1 W | E3: 2 T | F3: 3 F | G3: 4 S | H3: 5 S | I3: 6 M | J3: 7 T | K3: 8 W | L3: 9 T | M3: 10 F | N3: 11 S | O3: 12 S | P3: 13 M | Q3: 14 T | R3: 15 W | S3: 16 T | T3: 17 F | U3: 18 S | V3: 19 S | W3: 20 M | X3: 21 T | Y3: 22 W | Z3: 23 T | AA3: 24 F | AB3: 25 S | AC3: 26 S | AD3: 27 M | AE3: 28 T | AF3: 29 W | AG3: 30 T | AH3: 31 F | AI3: Total Effective Hours | AJ3: Total Hours | AK3: Total Excess | AL3: Excess Worked Hours | AM3: Weekend Excess | AN3: Excess After 18:00 | AO3: Early-Morning Excess
A4: BIANCHI LUCA | B4: MVULOQ57D31H065K | C4: Percorso A - Fondamenti | D4: 0.032638889 | E4: 0.074907407 | F4: 0.050046296 | I4: 0 | J4: 0 | K4: 0.040752315 | R4: 0.086388889 | T4: 0.038229167 | X4: 0 | Y4: 0.052268519 | Z4: 0.033611111 | AB4: 0 | AD4: 0 | AE4: 0 | AG4: 0.0403125 | AH4: 0.11423611 | AI4: =SUM(D4:AH4) | AJ4: 1.065463 | AK4: =AJ4-AI4 | AL4: 0.46145833 | AM4: 0.040613426
A5: CONTI MARCO | B5: YRBOCK32K14Y413Q | C5: Percorso B - Specializzazione | G5: 0 | H5: 0 | O5: 0 | U5: 0 | X5: 0 | AC5: 0 | AE5: 0 | AI5: =SUM(D5:AH5) | AJ5: 0.63707176 | AK5: =AJ5-AI5 | AL5: 0.13675926 | AM5: 0.5003125
A6: FERRARI GIULIA | B6: LGVHVD45Y71N997T | C6: Percorso A - Fondamenti | D6: 0 | E6: 0 | F6: 0 | K6: 0 | P6: 0 | Q6: 0 | S6: 0 | X6: 0 | Y6: 0 | Z6: 0 | AE6: 0 | AG6: 0 | AI6: =SUM(D6:AH6) | AJ6: 0.69423611 | AK6: =AJ6-AI6 | AN6: 0.69423611
A7: FONTANA CHIARA | B7: ZTEIBU61L70D728Q | C7: Percorso A - Fondamenti | D7: 0.040960648 | E7: 0.098391204 | F7: 0.064016204 | I7: 0.097488426 | J7: 0.067395833 | M7: 0.072581019 | P7: 0.06630787 | Q7: 0.076898148 | R7: 0.055034722 | S7: 0.089525463 | T7: 0.10893519 | X7: 0.060960648 | Z7: 0.097534722 | AA7: 0.085613426 | AD7: 0.1121875 | AE7: 0.041215278 | AF7: 0.051006944 | AG7: 0.074467593 | AH7: 0.068217593 | AI7: =SUM(D7:AH7) | AJ7: 1.4287384 | AK7: =AJ7-AI7
A8: GALLO SARA | B8: DGJHLF38A90R129I | C8: Percorso B - Specializzazione | H8: 0 | N8: 0 | O8: 0 | S8: 0.066967593 | U8: 0 | Y8: 0.070335648 | AB8: 0 | AC8: 0 | AI8: =SUM(D8:AH8) | AJ8: 0.60280093 | AK8: =AJ8-AI8 | AM8: 0.46549769
A9: LONGO ALESSANDRO | B9: FNFBMZ63F95J897B | C9: Percorso A - Fondamenti | E9: 0.0020601852 | F9: 0 | I9: 0 | K9: 0.0022106481 | L9: 0 | M9: 0 | Q9: 0 | R9: 0 | S9: 0.00037037037 | T9: 0.002095521 | X9: 0 | Z9: 0.0003125 | AE9: 0 | AF9: 0.0032291667 | AG9: 0.0018060055 | AH9: 0 | AI9: =SUM(D9:AH9) | AJ9: 0.66967593 | AK9: =AJ9-AI9 | AO9: 0.65759153
A10: MORETTI DAVIDE | B10: BMIGDO11V27U654T | C10: Percorso B - Specializzazione | E10: 0.11607639 | J10: 0 | M10: 0.25862269 | Q10: 0 | R10: 0.13679398 | S10: 0.12552083 | T10: 0.085706019 | W10: 0 | X10: 0 | Y10: 0.14493056 | Z10: 0.10170139 | AA10: 0.19797454 | AE10: 0 | AF10: 0.26971065 | AG10: 0.10826389 | AH10: 0.14728009 | AI10: =SUM(D10:AH10) | AJ10: 2.5587384 | AK10: =AJ10-AI10 | AL10: 0.84020833
A11: RICCI ELENA | B11: DYUWDO21W38A047K | C11: Percorso B - Specializzazione | J11: 0 | P11: 0 | Q11: 0 | T11: 0 | W11: 0 | X11: 0 | Y11: 0 | Z11: 0.006712963 | AA11: 0.015150463 | AE11: 0 | AH11: 0 | AI11: =SUM(D11:AH11) | AJ11: 0.4422338 | AK11: =AJ11-AI11 | AL11: 0.023784722 | AO11: 0.39658565
A12: ROMANO PAOLO | B12: QPUHIO09W36H278K | C12: Percorso A - Fondamenti | E12: 0 | F12: 0 | G12: 0 | I12: 0 | J12: 0 | K12: 0 | M12: 0 | Q12: 0 | R12: 0 | T12: 0 | W12: 0 | X12: 0 | Y12: 0 | AA12: 0 | AC12: 0 | AD12: 0 | AE12: 0 | AF12: 0 | AG12: 0 | AH12: 0 | AI12: =SUM(D12:AH12) | AJ12: 1.1339005 | AK12: =AJ12-AI12 | AM12: 0.11825231 | AN12: 1.0156481
A13: ROSSI MARIA | B13: UDAXIH28E94D692X | C13: Percorso A - Fondamenti | D13: 0.10657407 | E13: 0.094351852 | I13: 0 | J13: 0 | L13: 0.06255787 | M13: 0.10447917 | S13: 0.043009259 | W13: 0 | Y13: 0.061886574 | Z13: 0.07556713 | AA13: 0.038958333 | AD13: 0 | AE13: 0 | AF13: 0.077280093 | AG13: 0.11355324 | AI13: =SUM(D13:AH13) | AJ13: 1.1084838 | AK13: =AJ13-AI13 | AL13: 0.3302662
A14: SERRA MARTINA | B14: SKQQRP90S38P835A | C14: Percorso A - Fondamenti | H14: 0 | N14: 0 | O14: 0 | U14: 0 | V14: 0 | W14: 0.09193287 | AB14: 0 | AC14: 0 | AE14: 0.086238426 | AI14: =SUM(D14:AH14) | AJ14: 0.72459491 | AK14: =AJ14-AI14 | AM14: 0.54642361
A15: VILLA SIMONE | B15: WPGDEC57F91O089Z | C15: Percorso A - Fondamenti | D15: 0 | E15: 0 | F15: 0 | J15: 0 | K15: 0 | L15: 0 | M15: 0 | P15: 0 | Q15: 0 | R15: 0 | S15: 0 | T15: 0 | X15: 0 | Y15: 0 | AA15: 0 | AC15: 0 | AE15: 0 | AF15: 0 | AG15: 0 | AH15: 0 | AI15: =SUM(D15:AH15) | AJ15: 1.1831134 | AK15: =AJ15-AI15 | AM15: 0.082673611 | AN15: 1.1004398
A16: TOTAL | AI16: =SUM(AI4:AI15) | AJ16: =SUM(AJ4:AJ15) | AK16: =SUM(AK4:AK15) | AL16: =SUM(AL4:AL15) | AM16: =SUM(AM4:AM15) | AN16: =SUM(AN4:AN15) | AO16: =SUM(AO4:AO15)
