Workbook

Sheet Riepilogo Generale
A1: RIEPILOGO GENERALE - ore maturate/tolte e % copertura NON compensativa (100% solo se tutti i corsi del percorso sono al 100% nei fogli Dettaglio)
A2: Discente | B2: Codice Fiscale | C2: Percorso Formativo | J2: Totale Ore Maturate | K2: Ore Tolte (totali) | L2: % copertura | M2: Corsi da finire | N2: Quota Retr. al 80% (€/h) | O2: Costo orario contributivo | P2: Finanziamento
A3: ALBA WILLIAM JULIAN PAZ | B3: PZLWLM96A16Z504F | C3: La programmazione - Tecninf - Fondoconoscenza | J3: =IFERROR(INDEX('Aprile 2026'!AH4:AH37,MATCH("PZLWLM96A16Z504F",'Aprile 2026'!B4:B37,0)),0)+IFERROR(INDEX('Maggio 2026'!AI4:AI37,MATCH("PZLWLM96A16Z504F",'Maggio 2026'!B4:B37,0)),0)+IFERROR(INDEX('Giugno 2026'!AH4:AH37,MATCH("PZLWLM96A16Z504F",'Giugno 2026'!B4:B37,0)),0)+IFERROR(INDEX('Luglio 2026'!AI4:AI37,MATCH("PZLWLM96A16Z504F",'Luglio 2026'!B4:B37,0)),0)+IFERROR(INDEX('Agosto 2026'!AI4:AI37,MATCH("PZLWLM96A16Z504F",'Agosto 2026'!B4:B37,0)),0)+IFERROR(INDEX('Settembre 2026'!AH4:AH37,MATCH("PZLWLM96A16Z504F",'Settembre 2026'!B4:B37,0)),0) | K3: =IFERROR(INDEX('Aprile 2026'!AJ4:AJ37,MATCH("PZLWLM96A16Z504F",'Aprile 2026'!B4:B37,0)),0)+IFERROR(INDEX('Maggio 2026'!AK4:AK37,MATCH("PZLWLM96A16Z504F",'Maggio 2026'!B4:B37,0)),0)+IFERROR(INDEX('Giugno 2026'!AJ4:AJ37,MATCH("PZLWLM96A16Z504F",'Giugno 2026'!B4:B37,0)),0)+IFERROR(INDEX('Luglio 2026'!AK4:AK37,MATCH("PZLWLM96A16Z504F",'Luglio 2026'!B4:B37,0)),0)+IFERROR(INDEX('Agosto 2026'!AK4:AK37,MATCH("PZLWLM96A16Z504F",'Agosto 2026'!B4:B37,0)),0)+IFERROR(INDEX('Settembre 2026'!AJ4:AJ37,MATCH("PZLWLM96A16Z504F",'Settembre 2026'!B4:B37,0)),0) | L3: =IF(75=0,0,MIN((J3*24)/150,1)) | M3: GDPR e nuove normative Europee; I sistemi operativi; Linguaggi di programmazione | N3: 9.731453 | O3: 4.8499263 | P3: =(N3+O3)*J3*24
A4: BADII ALESSANDRO | B4: BDALSN01R03H501Z | C4: Big Data - Tecninf - Fondoconoscenza | J4: =IFERROR(INDEX('Aprile 2026'!AH4:AH37,MATCH("BDALSN01R03H501Z",'Aprile 2026'!B4:B37,0)),0)+IFERROR(INDEX('Maggio 2026'!AI4:AI37,MATCH("BDALSN01R03H501Z",'Maggio 2026'!B4:B37,0)),0)+IFERROR(INDEX('Giugno 2026'!AH4:AH37,MATCH("BDALSN01R03H501Z",'Giugno 2026'!B4:B37,0)),0)+IFERROR(INDEX('Luglio 2026'!AI4:AI37,MATCH("BDALSN01R03H501Z",'Luglio 2026'!B4:B37,0)),0)+IFERROR(INDEX('Agosto 2026'!AI4:AI37,MATCH("BDALSN01R03H501Z",'Agosto 2026'!B4:B37,0)),0)+IFERROR(INDEX('Settembre 2026'!AH4:AH37,MATCH("BDALSN01R03H501Z",'Settembre 2026'!B4:B37,0)),0) | K4: =IFERROR(INDEX('Aprile 2026'!AJ4:AJ37,MATCH("BDALSN01R03H501Z",'Aprile 2026'!B4:B37,0)),0)+IFERROR(INDEX('Maggio 2026'!AK4:AK37,MATCH("BDALSN01R03H501Z",'Maggio 2026'!B4:B37,0)),0)+IFERROR(INDEX('Giugno 2026'!AJ4:AJ37,MATCH("BDALSN01R03H501Z",'Giugno 2026'!B4:B37,0)),0)+IFERROR(INDEX('Luglio 2026'!AK4:AK37,MATCH("BDALSN01R03H501Z",'Luglio 2026'!B4:B37,0)),0)+IFERROR(INDEX('Agosto 2026'!AK4:AK37,MATCH("BDALSN01R03H501Z",'Agosto 2026'!B4:B37,0)),0)+IFERROR(INDEX('Settembre 2026'!AJ4:AJ37,MATCH("BDALSN01R03H501Z",'Settembre 2026'!B4:B37,0)),0) | L4: =IF(75=0,0,MIN((J4*24)/150,1)) | M4: I Big data in ambito finanziario; Deep Learning e reti neurali; Sicurezza e Password Management | N4: 9.731453 | O4: 4.8499263 | P4: =(N4+O4)*J4*24
A5: BADINE HICHAM | B5: BDNHHM97H19H501Q | C5: La programmazione - Tecninf - Fondoconoscenza | J5: =IFERROR(INDEX('Aprile 2026'!AH4:AH37,MATCH("BDNHHM97H19H501Q",'Aprile 2026'!B4:B37,0)),0)+IFERROR(INDEX('Maggio 2026'!AI4:AI37,MATCH("BDNHHM97H19H501Q",'Maggio 2026'!B4:B37,0)),0)+IFERROR(INDEX('Giugno 2026'!AH4:AH37,MATCH("BDNHHM97H19H501Q",'Giugno 2026'!B4:B37,0)),0)+IFERROR(INDEX('Luglio 2026'!AI4:AI37,MATCH("BDNHHM97H19H501Q",'Luglio 2026'!B4:B37,0)),0)+IFERROR(INDEX('Agosto 2026'!AI4:AI37,MATCH("BDNHHM97H19H501Q",'Agosto 2026'!B4:B37,0)),0)+IFERROR(INDEX('Settembre 2026'!AH4:AH37,MATCH("BDNHHM97H19H501Q",'Settembre 2026'!B4:B37,0)),0) | K5: =IFERROR(INDEX('Aprile 2026'!AJ4:AJ37,MATCH("BDNHHM97H19H501Q",'Aprile 2026'!B4:B37,0)),0)+IFERROR(INDEX('Maggio 2026'!AK4:AK37,MATCH("BDNHHM97H19H501Q",'Maggio 2026'!B4:B37,0)),0)+IFERROR(INDEX('Giugno 2026'!AJ4:AJ37,MATCH("BDNHHM97H19H501Q",'Giugno 2026'!B4:B37,0)),0)+IFERROR(INDEX('Luglio 2026'!AK4:AK37,MATCH("BDNHHM97H19H501Q",'Luglio 2026'!B4:B37,0)),0)+IFERROR(INDEX('Agosto 2026'!AK4:AK37,MATCH("BDNHHM97H19H501Q",'Agosto 2026'!B4:B37,0)),0)+IFERROR(INDEX('Settembre 2026'!AJ4:AJ37,MATCH("BDNHHM97H19H501Q",'Settembre 2026'!B4:B37,0)),0) | L5: =IF(75=0,0,MIN((J5*24)/150,1)) | M5: Front end base: HTML, CSS, Bootstrap; Front end avanzato: JavaScript e jQuery | N5: 9.731453 | O5: 3.2352984 | P5: =(N5+O5)*J5*24
A6: BECIANI ANDREA | B6: BCNNDR82P16D773D | C6: La programmazione - Tecninf - Fondoconoscenza | J6: =IFERROR(INDEX('Aprile 2026'!AH4:AH37,MATCH("BCNNDR82P16D773D",'Aprile 2026'!B4:B37,0)),0)+IFERROR(INDEX('Maggio 2026'!AI4:AI37,MATCH("BCNNDR82P16D773D",'Maggio 2026'!B4:B37,0)),0)+IFERROR(INDEX('Giugno 2026'!AH4:AH37,MATCH("BCNNDR82P16D773D",'Giugno 2026'!B4:B37,0)),0)+IFERROR(INDEX('Luglio 2026'!AI4:AI37,MATCH("BCNNDR82P16D773D",'Luglio 2026'!B4:B37,0)),0)+IFERROR(INDEX('Agosto 2026'!AI4:AI37,MATCH("BCNNDR82P16D773D",'Agosto 2026'!B4:B37,0)),0)+IFERROR(INDEX('Settembre 2026'!AH4:AH37,MATCH("BCNNDR82P16D773D",'Settembre 2026'!B4:B37,0)),0) | K6: =IFERROR(INDEX('Aprile 2026'!AJ4:AJ37,MATCH("BCNNDR82P16D773D",'Aprile 2026'!B4:B37,0)),0)+IFERROR(INDEX('Maggio 2026'!AK4:AK37,MATCH("BCNNDR82P16D773D",'Maggio 2026'!B4:B37,0)),0)+IFERROR(INDEX('Giugno 2026'!AJ4:AJ37,MATCH("BCNNDR82P16D773D",'Giugno 2026'!B4:B37,0)),0)+IFERROR(INDEX('Luglio 2026'!AK4:AK37,MATCH("BCNNDR82P16D773D",'Luglio 2026'!B4:B37,0)),0)+IFERROR(INDEX('Agosto 2026'!AK4:AK37,MATCH("BCNNDR82P16D773D",'Agosto 2026'!B4:B37,0)),0)+IFERROR(INDEX('Settembre 2026'!AJ4:AJ37,MATCH("BCNNDR82P16D773D",'Settembre 2026'!B4:B37,0)),0) | L6: =IF(75=0,0,MIN((J6*24)/150,1)) | M6: I sistemi operativi; Linguaggi di programmazione; Back end base: Fondamenti di PHP; Back end avanzato: PHP MVC con Laravel | N6: 9.304 | O6: 5.11 | P6: =(N6+O6)*J6*24
A7: BOONTAWEE JUTATIP | B7: BNTJTP78S54Z241U | C7: Project Management per il digitale - Tecninf - Fondoconoscenza | J7: =IFERROR(INDEX('Aprile 2026'!AH4:AH37,MATCH("BNTJTP78S54Z241U",'Aprile 2026'!B4:B37,0)),0)+IFERROR(INDEX('Maggio 2026'!AI4:AI37,MATCH("BNTJTP78S54Z241U",'Maggio 2026'!B4:B37,0)),0)+IFERROR(INDEX('Giugno 2026'!AH4:AH37,MATCH("BNTJTP78S54Z241U",'Giugno 2026'!B4:B37,0)),0)+IFERROR(INDEX('Luglio 2026'!AI4:AI37,MATCH("BNTJTP78S54Z241U",'Luglio 2026'!B4:B37,0)),0)+IFERROR(INDEX('Agosto 2026'!AI4:AI37,MATCH("BNTJTP78S54Z241U",'Agosto 2026'!B4:B37,0)),0)+IFERROR(INDEX('Settembre 2026'!AH4:AH37,MATCH("BNTJTP78S54Z241U",'Settembre 2026'!B4:B37,0)),0) | K7: =IFERROR(INDEX('Aprile 2026'!AJ4:AJ37,MATCH("BNTJTP78S54Z241U",'Aprile 2026'!B4:B37,0)),0)+IFERROR(INDEX('Maggio 2026'!AK4:AK37,MATCH("BNTJTP78S54Z241U",'Maggio 2026'!B4:B37,0)),0)+IFERROR(INDEX('Giugno 2026'!AJ4:AJ37,MATCH("BNTJTP78S54Z241U",'Giugno 2026'!B4:B37,0)),0)+IFERROR(INDEX('Luglio 2026'!AK4:AK37,MATCH("BNTJTP78S54Z241U",'Luglio 2026'!B4:B37,0)),0)+IFERROR(INDEX('Agosto 2026'!AK4:AK37,MATCH("BNTJTP78S54Z241U",'Agosto 2026'!B4:B37,0)),0)+IFERROR(INDEX('Settembre 2026'!AJ4:AJ37,MATCH("BNTJTP78S54Z241U",'Settembre 2026'!B4:B37,0)),0) | L7: =IF(75=0,0,MIN((J7*24)/150,1)) | M7: La gestione delle risorse umane; La swot analysis del personale; Fondamenti di Project Management; Leadership e Motivazione; Skills e competenze per comunicare in azienda | N7: 13.178009 | O7: 6.5675808 | P7: =(N7+O7)*J7*24
A8: BUTTINELLI GIORGIA | B8: BTTGRG97S59G274Q | C8: Big Data - Tecninf - Fondoconoscenza | J8: =IFERROR(INDEX('Aprile 2026'!AH4:AH37,MATCH("BTTGRG97S59G274Q",'Aprile 2026'!B4:B37,0)),0)+IFERROR(INDEX('Maggio 2026'!AI4:AI37,MATCH("BTTGRG97S59G274Q",'Maggio 2026'!B4:B37,0)),0)+IFERROR(INDEX('Giugno 2026'!AH4:AH37,MATCH("BTTGRG97S59G274Q",'Giugno 2026'!B4:B37,0)),0)+IFERROR(INDEX('Luglio 2026'!AI4:AI37,MATCH("BTTGRG97S59G274Q",'Luglio 2026'!B4:B37,0)),0)+IFERROR(INDEX('Agosto 2026'!AI4:AI37,MATCH("BTTGRG97S59G274Q",'Agosto 2026'!B4:B37,0)),0)+IFERROR(INDEX('Settembre 2026'!AH4:AH37,MATCH("BTTGRG97S59G274Q",'Settembre 2026'!B4:B37,0)),0) | K8: =IFERROR(INDEX('Aprile 2026'!AJ4:AJ37,MATCH("BTTGRG97S59G274Q",'Aprile 2026'!B4:B37,0)),0)+IFERROR(INDEX('Maggio 2026'!AK4:AK37,MATCH("BTTGRG97S59G274Q",'Maggio 2026'!B4:B37,0)),0)+IFERROR(INDEX('Giugno 2026'!AJ4:AJ37,MATCH("BTTGRG97S59G274Q",'Giugno 2026'!B4:B37,0)),0)+IFERROR(INDEX('Luglio 2026'!AK4:AK37,MATCH("BTTGRG97S59G274Q",'Luglio 2026'!B4:B37,0)),0)+IFERROR(INDEX('Agosto 2026'!AK4:AK37,MATCH("BTTGRG97S59G274Q",'Agosto 2026'!B4:B37,0)),0)+IFERROR(INDEX('Settembre 2026'!AJ4:AJ37,MATCH("BTTGRG97S59G274Q",'Settembre 2026'!B4:B37,0)),0) | L8: =IF(75=0,0,MIN((J8*24)/150,1)) | M8: GDPR e nuove normative Europee; Introduzione ai Big Data nelle aziende; Big data e analisi predittiva; I Big data in ambito finanziario; Database relazionali e linguaggio SQL con PHP; Natural Language Processing con Python; Progettare autorizzazioni e autentificazioni; Gestione avanzata di un Database | N8: 9.9848763 | O8: 4.9762074 | P8: =(N8+O8)*J8*24
A9: CARABLUT VICTOR | B9: CRBVTR94A11Z140B | C9: Sicurezza Informatica - Tecninf - Fondoconoscenza | J9: =IFERROR(INDEX('Aprile 2026'!AH4:AH37,MATCH("CRBVTR94A11Z140B",'Aprile 2026'!B4:B37,0)),0)+IFERROR(INDEX('Maggio 2026'!AI4:AI37,MATCH("CRBVTR94A11Z140B",'Maggio 2026'!B4:B37,0)),0)+IFERROR(INDEX('Giugno 2026'!AH4:AH37,MATCH("CRBVTR94A11Z140B",'Giugno 2026'!B4:B37,0)),0)+IFERROR(INDEX('Luglio 2026'!AI4:AI37,MATCH("CRBVTR94A11Z140B",'Luglio 2026'!B4:B37,0)),0)+IFERROR(INDEX('Agosto 2026'!AI4:AI37,MATCH("CRBVTR94A11Z140B",'Agosto 2026'!B4:B37,0)),0)+IFERROR(INDEX('Settembre 2026'!AH4:AH37,MATCH("CRBVTR94A11Z140B",'Settembre 2026'!B4:B37,0)),0) | K9: =IFERROR(INDEX('Aprile 2026'!AJ4:AJ37,MATCH("CRBVTR94A11Z140B",'Aprile 2026'!B4:B37,0)),0)+IFERROR(INDEX('Maggio 2026'!AK4:AK37,MATCH("CRBVTR94A11Z140B",'Maggio 2026'!B4:B37,0)),0)+IFERROR(INDEX('Giugno 2026'!AJ4:AJ37,MATCH("CRBVTR94A11Z140B",'Giugno 2026'!B4:B37,0)),0)+IFERROR(INDEX('Luglio 2026'!AK4:AK37,MATCH("CRBVTR94A11Z140B",'Luglio 2026'!B4:B37,0)),0)+IFERROR(INDEX('Agosto 2026'!AK4:AK37,MATCH("CRBVTR94A11Z140B",'Agosto 2026'!B4:B37,0)),0)+IFERROR(INDEX('Settembre 2026'!AJ4:AJ37,MATCH("CRBVTR94A11Z140B",'Settembre 2026'!B4:B37,0)),0) | L9: =IF(75=0,0,MIN((J9*24)/150,1)) | M9: GDPR e nuove normative Europee; La Cyber Security; La Network Security; Cloud e Fog Computing; I sistemi cyber fisici; Internet delle Cose e delle Macchine; Gli attacchi tramite Ransomware | N9: 9.8581647 | O9: 4.9130133 | P9: =(N9+O9)*J9*24
A10: CECCONI ANTHONY | B10: CCCNHN91D19H501W | C10: La programmazione - Tecninf - Fondoconoscenza | J10: =IFERROR(INDEX('Aprile 2026'!AH4:AH37,MATCH("CCCNHN91D19H501W",'Aprile 2026'!B4:B37,0)),0)+IFERROR(INDEX('Maggio 2026'!AI4:AI37,MATCH("CCCNHN91D19H501W",'Maggio 2026'!B4:B37,0)),0)+IFERROR(INDEX('Giugno 2026'!AH4:AH37,MATCH("CCCNHN91D19H501W",'Giugno 2026'!B4:B37,0)),0)+IFERROR(INDEX('Luglio 2026'!AI4:AI37,MATCH("CCCNHN91D19H501W",'Luglio 2026'!B4:B37,0)),0)+IFERROR(INDEX('Agosto 2026'!AI4:AI37,MATCH("CCCNHN91D19H501W",'Agosto 2026'!B4:B37,0)),0)+IFERROR(INDEX('Settembre 2026'!AH4:AH37,MATCH("CCCNHN91D19H501W",'Settembre 2026'!B4:B37,0)),0) | K10: =IFERROR(INDEX('Aprile 2026'!AJ4:AJ37,MATCH("CCCNHN91D19H501W",'Aprile 2026'!B4:B37,0)),0)+IFERROR(INDEX('Maggio 2026'!AK4:AK37,MATCH("CCCNHN91D19H501W",'Maggio 2026'!B4:B37,0)),0)+IFERROR(INDEX('Giugno 2026'!AJ4:AJ37,MATCH("CCCNHN91D19H501W",'Giugno 2026'!B4:B37,0)),0)+IFERROR(INDEX('Luglio 2026'!AK4:AK37,MATCH("CCCNHN91D19H501W",'Luglio 2026'!B4:B37,0)),0)+IFERROR(INDEX('Agosto 2026'!AK4:AK37,MATCH("CCCNHN91D19H501W",'Agosto 2026'!B4:B37,0)),0)+IFERROR(INDEX('Settembre 2026'!AJ4:AJ37,MATCH("CCCNHN91D19H501W",'Settembre 2026'!B4:B37,0)),0) | L10: =IF(75=0,0,MIN((J10*24)/150,1)) | M10: GDPR e nuove normative Europee; I sistemi operativi; Applicazioni dinamiche con PHP e MySql; Back end avanzato: PHP MVC con Laravel | N10: 9.731453 | O10: 4.8499263 | P10: =(N10+O10)*J10*24
A11: CHIARA GOBBI MARIA | B11: GBBMCH73R57H501G | C11: L'ufficio digitale - Tecninf - Fondoconoscenza | J11: =IFERROR(INDEX('Aprile 2026'!AH4:AH37,MATCH("GBBMCH73R57H501G",'Aprile 2026'!B4:B37,0)),0)+IFERROR(INDEX('Maggio 2026'!AI4:AI37,MATCH("GBBMCH73R57H501G",'Maggio 2026'!B4:B37,0)),0)+IFERROR(INDEX('Giugno 2026'!AH4:AH37,MATCH("GBBMCH73R57H501G",'Giugno 2026'!B4:B37,0)),0)+IFERROR(INDEX('Luglio 2026'!AI4:AI37,MATCH("GBBMCH73R57H501G",'Luglio 2026'!B4:B37,0)),0)+IFERROR(INDEX('Agosto 2026'!AI4:AI37,MATCH("GBBMCH73R57H501G",'Agosto 2026'!B4:B37,0)),0)+IFERROR(INDEX('Settembre 2026'!AH4:AH37,MATCH("GBBMCH73R57H501G",'Settembre 2026'!B4:B37,0)),0) | K11: =IFERROR(INDEX('Aprile 2026'!AJ4:AJ37,MATCH("GBBMCH73R57H501G",'Aprile 2026'!B4:B37,0)),0)+IFERROR(INDEX('Maggio 2026'!AK4:AK37,MATCH("GBBMCH73R57H501G",'Maggio 2026'!B4:B37,0)),0)+IFERROR(INDEX('Giugno 2026'!AJ4:AJ37,MATCH("GBBMCH73R57H501G",'Giugno 2026'!B4:B37,0)),0)+IFERROR(INDEX('Luglio 2026'!AK4:AK37,MATCH("GBBMCH73R57H501G",'Luglio 2026'!B4:B37,0)),0)+IFERROR(INDEX('Agosto 2026'!AK4:AK37,MATCH("GBBMCH73R57H501G",'Agosto 2026'!B4:B37,0)),0)+IFERROR(INDEX('Settembre 2026'!AJ4:AJ37,MATCH("GBBMCH73R57H501G",'Settembre 2026'!B4:B37,0)),0) | L11: =IF(75=0,0,MIN((J11*24)/150,1)) | M11: GDPR e nuove normative Europee; Introduzione al mondo di Microsoft office 365; Microsoft 365: Outlook desktop corso completo; Microsoft 365: Data Modeling con Power Query; Microsoft 365: elementi avanzati, suggerimenti e trucchi in PowerPoint; I sistemi informatici | N11: 12.31637 | O11: 6.1381456 | P11: =(N11+O11)*J11*24
A12: LIMETTI ION | B12: LMTNIO94M03Z129S | C12: Big Data - Tecninf - Fondoconoscenza | J12: =IFERROR(INDEX('Aprile 2026'!AH4:AH37,MATCH("LMTNIO94M03Z129S",'Aprile 2026'!B4:B37,0)),0)+IFERROR(INDEX('Maggio 2026'!AI4:AI37,MATCH("LMTNIO94M03Z129S",'Maggio 2026'!B4:B37,0)),0)+IFERROR(INDEX('Giugno 2026'!AH4:AH37,MATCH("LMTNIO94M03Z129S",'Giugno 2026'!B4:B37,0)),0)+IFERROR(INDEX('Luglio 2026'!AI4:AI37,MATCH("LMTNIO94M03Z129S",'Luglio 2026'!B4:B37,0)),0)+IFERROR(INDEX('Agosto 2026'!AI4:AI37,MATCH("LMTNIO94M03Z129S",'Agosto 2026'!B4:B37,0)),0)+IFERROR(INDEX('Settembre 2026'!AH4:AH37,MATCH("LMTNIO94M03Z129S",'Settembre 2026'!B4:B37,0)),0) | K12: =IFERROR(INDEX('Aprile 2026'!AJ4:AJ37,MATCH("LMTNIO94M03Z129S",'Aprile 2026'!B4:B37,0)),0)+IFERROR(INDEX('Maggio 2026'!AK4:AK37,MATCH("LMTNIO94M03Z129S",'Maggio 2026'!B4:B37,0)),0)+IFERROR(INDEX('Giugno 2026'!AJ4:AJ37,MATCH("LMTNIO94M03Z129S",'Giugno 2026'!B4:B37,0)),0)+IFERROR(INDEX('Luglio 2026'!AK4:AK37,MATCH("LMTNIO94M03Z129S",'Luglio 2026'!B4:B37,0)),0)+IFERROR(INDEX('Agosto 2026'!AK4:AK37,MATCH("LMTNIO94M03Z129S",'Agosto 2026'!B4:B37,0)),0)+IFERROR(INDEX('Settembre 2026'!AJ4:AJ37,MATCH("LMTNIO94M03Z129S",'Settembre 2026'!B4:B37,0)),0) | L12: =IF(75=0,0,MIN((J12*24)/150,1)) | M12: GDPR e nuove normative Europee; Big data e analisi predittiva; I Big data in ambito finanziario; Natural Language Processing con Python; Big Data Analytics con Python e Spark | N12: 10.876926 | O12: 5.4207553 | P12: =(N12+O12)*J12*24
A13: LUCA' VERONICA | B13: LCUVNC85L52D976T | C13: Big Data - Tecninf - Fondoconoscenza | J13: =IFERROR(INDEX('Aprile 2026'!AH4:AH37,MATCH("LCUVNC85L52D976T",'Aprile 2026'!B4:B37,0)),0)+IFERROR(INDEX('Maggio 2026'!AI4:AI37,MATCH("LCUVNC85L52D976T",'Maggio 2026'!B4:B37,0)),0)+IFERROR(INDEX('Giugno 2026'!AH4:AH37,MATCH("LCUVNC85L52D976T",'Giugno 2026'!B4:B37,0)),0)+IFERROR(INDEX('Luglio 2026'!AI4:AI37,MATCH("LCUVNC85L52D976T",'Luglio 2026'!B4:B37,0)),0)+IFERROR(INDEX('Agosto 2026'!AI4:AI37,MATCH("LCUVNC85L52D976T",'Agosto 2026'!B4:B37,0)),0)+IFERROR(INDEX('Settembre 2026'!AH4:AH37,MATCH("LCUVNC85L52D976T",'Settembre 2026'!B4:B37,0)),0) | K13: =IFERROR(INDEX('Aprile 2026'!AJ4:AJ37,MATCH("LCUVNC85L52D976T",'Aprile 2026'!B4:B37,0)),0)+IFERROR(INDEX('Maggio 2026'!AK4:AK37,MATCH("LCUVNC85L52D976T",'Maggio 2026'!B4:B37,0)),0)+IFERROR(INDEX('Giugno 2026'!AJ4:AJ37,MATCH("LCUVNC85L52D976T",'Giugno 2026'!B4:B37,0)),0)+IFERROR(INDEX('Luglio 2026'!AK4:AK37,MATCH("LCUVNC85L52D976T",'Luglio 2026'!B4:B37,0)),0)+IFERROR(INDEX('Agosto 2026'!AK4:AK37,MATCH("LCUVNC85L52D976T",'Agosto 2026'!B4:B37,0)),0)+IFERROR(INDEX('Settembre 2026'!AJ4:AJ37,MATCH("LCUVNC85L52D976T",'Settembre 2026'!B4:B37,0)),0) | L13: =IF(75=0,0,MIN((J13*24)/150,1)) | M13: Big data e analisi predittiva | N13: 10.425833 | O13: 3.783118 | P13: =(N13+O13)*J13*24
A14: MAGNANINI LORENZO | B14: MGNLNZ97M04H501T | C14: La programmazione - Tecninf - Fondoconoscenza | J14: =IFERROR(INDEX('Aprile 2026'!AH4:AH37,MATCH("MGNLNZ97M04H501T",'Aprile 2026'!B4:B37,0)),0)+IFERROR(INDEX('Maggio 2026'!AI4:AI37,MATCH("MGNLNZ97M04H501T",'Maggio 2026'!B4:B37,0)),0)+IFERROR(INDEX('Giugno 2026'!AH4:AH37,MATCH("MGNLNZ97M04H501T",'Giugno 2026'!B4:B37,0)),0)+IFERROR(INDEX('Luglio 2026'!AI4:AI37,MATCH("MGNLNZ97M04H501T",'Luglio 2026'!B4:B37,0)),0)+IFERROR(INDEX('Agosto 2026'!AI4:AI37,MATCH("MGNLNZ97M04H501T",'Agosto 2026'!B4:B37,0)),0)+IFERROR(INDEX('Settembre 2026'!AH4:AH37,MATCH("MGNLNZ97M04H501T",'Settembre 2026'!B4:B37,0)),0) | K14: =IFERROR(INDEX('Aprile 2026'!AJ4:AJ37,MATCH("MGNLNZ97M04H501T",'Aprile 2026'!B4:B37,0)),0)+IFERROR(INDEX('Maggio 2026'!AK4:AK37,MATCH("MGNLNZ97M04H501T",'Maggio 2026'!B4:B37,0)),0)+IFERROR(INDEX('Giugno 2026'!AJ4:AJ37,MATCH("MGNLNZ97M04H501T",'Giugno 2026'!B4:B37,0)),0)+IFERROR(INDEX('Luglio 2026'!AK4:AK37,MATCH("MGNLNZ97M04H501T",'Luglio 2026'!B4:B37,0)),0)+IFERROR(INDEX('Agosto 2026'!AK4:AK37,MATCH("MGNLNZ97M04H501T",'Agosto 2026'!B4:B37,0)),0)+IFERROR(INDEX('Settembre 2026'!AJ4:AJ37,MATCH("MGNLNZ97M04H501T",'Settembre 2026'!B4:B37,0)),0) | L14: =IF(75=0,0,MIN((J14*24)/150,1)) | M14: I sistemi operativi; Front end base: HTML, CSS, Bootstrap; Front end avanzato: JavaScript e jQuery; Back end base: Fondamenti di PHP; Database relazionali e linguaggio SQL con PHP; Applicazioni dinamiche con PHP e MySql | N14: 9.731453 | O14: 4.7831589 | P14: =(N14+O14)*J14*24
A15: MARIANI ALESSIA | B15: MRNLSS75L68H501L | C15: Big Data - Tecninf - Fondoconoscenza | J15: =IFERROR(INDEX('Aprile 2026'!AH4:AH37,MATCH("MRNLSS75L68H501L",'Aprile 2026'!B4:B37,0)),0)+IFERROR(INDEX('Maggio 2026'!AI4:AI37,MATCH("MRNLSS75L68H501L",'Maggio 2026'!B4:B37,0)),0)+IFERROR(INDEX('Giugno 2026'!AH4:AH37,MATCH("MRNLSS75L68H501L",'Giugno 2026'!B4:B37,0)),0)+IFERROR(INDEX('Luglio 2026'!AI4:AI37,MATCH("MRNLSS75L68H501L",'Luglio 2026'!B4:B37,0)),0)+IFERROR(INDEX('Agosto 2026'!AI4:AI37,MATCH("MRNLSS75L68H501L",'Agosto 2026'!B4:B37,0)),0)+IFERROR(INDEX('Settembre 2026'!AH4:AH37,MATCH("MRNLSS75L68H501L",'Settembre 2026'!B4:B37,0)),0) | K15: =IFERROR(INDEX('Aprile 2026'!AJ4:AJ37,MATCH("MRNLSS75L68H501L",'Aprile 2026'!B4:B37,0)),0)+IFERROR(INDEX('Maggio 2026'!AK4:AK37,MATCH("MRNLSS75L68H501L",'Maggio 2026'!B4:B37,0)),0)+IFERROR(INDEX('Giugno 2026'!AJ4:AJ37,MATCH("MRNLSS75L68H501L",'Giugno 2026'!B4:B37,0)),0)+IFERROR(INDEX('Luglio 2026'!AK4:AK37,MATCH("MRNLSS75L68H501L",'Luglio 2026'!B4:B37,0)),0)+IFERROR(INDEX('Agosto 2026'!AK4:AK37,MATCH("MRNLSS75L68H501L",'Agosto 2026'!B4:B37,0)),0)+IFERROR(INDEX('Settembre 2026'!AJ4:AJ37,MATCH("MRNLSS75L68H501L",'Settembre 2026'!B4:B37,0)),0) | L15: =IF(75=0,0,MIN((J15*24)/150,1)) | M15: GDPR e nuove normative Europee; Big data e analisi predittiva; Business Intelligence e analisi predittiva; Database relazionali e linguaggio SQL con PHP; Il Machine Learning con Python; Big Data Analytics con Python e Spark | N15: 10.876926 | O15: 5.3461739 | P15: =(N15+O15)*J15*24
A16: MASCELLINO GIULIO | B16: MSCGLI83C04G511L | C16: Big Data - Tecninf - Fondoconoscenza | J16: =IFERROR(INDEX('Aprile 2026'!AH4:AH37,MATCH("MSCGLI83C04G511L",'Aprile 2026'!B4:B37,0)),0)+IFERROR(INDEX('Maggio 2026'!AI4:AI37,MATCH("MSCGLI83C04G511L",'Maggio 2026'!B4:B37,0)),0)+IFERROR(INDEX('Giugno 2026'!AH4:AH37,MATCH("MSCGLI83C04G511L",'Giugno 2026'!B4:B37,0)),0)+IFERROR(INDEX('Luglio 2026'!AI4:AI37,MATCH("MSCGLI83C04G511L",'Luglio 2026'!B4:B37,0)),0)+IFERROR(INDEX('Agosto 2026'!AI4:AI37,MATCH("MSCGLI83C04G511L",'Agosto 2026'!B4:B37,0)),0)+IFERROR(INDEX('Settembre 2026'!AH4:AH37,MATCH("MSCGLI83C04G511L",'Settembre 2026'!B4:B37,0)),0) | K16: =IFERROR(INDEX('Aprile 2026'!AJ4:AJ37,MATCH("MSCGLI83C04G511L",'Aprile 2026'!B4:B37,0)),0)+IFERROR(INDEX('Maggio 2026'!AK4:AK37,MATCH("MSCGLI83C04G511L",'Maggio 2026'!B4:B37,0)),0)+IFERROR(INDEX('Giugno 2026'!AJ4:AJ37,MATCH("MSCGLI83C04G511L",'Giugno 2026'!B4:B37,0)),0)+IFERROR(INDEX('Luglio 2026'!AK4:AK37,MATCH("MSCGLI83C04G511L",'Luglio 2026'!B4:B37,0)),0)+IFERROR(INDEX('Agosto 2026'!AK4:AK37,MATCH("MSCGLI83C04G511L",'Agosto 2026'!B4:B37,0)),0)+IFERROR(INDEX('Settembre 2026'!AJ4:AJ37,MATCH("MSCGLI83C04G511L",'Settembre 2026'!B4:B37,0)),0) | L16: =IF(75=0,0,MIN((J16*24)/150,1)) | M16: Big data e analisi predittiva | N16: 19.584 | O16: 8.85 | P16: =(N16+O16)*J16*24
A17: PACPACO MICHAEL DEPOLLY | B17: PCPMHL00R03H501G | C17: La programmazione - Tecninf - Fondoconoscenza | J17: =IFERROR(INDEX('Aprile 2026'!AH4:AH37,MATCH("PCPMHL00R03H501G",'Aprile 2026'!B4:B37,0)),0)+IFERROR(INDEX('Maggio 2026'!AI4:AI37,MATCH("PCPMHL00R03H501G",'Maggio 2026'!B4:B37,0)),0)+IFERROR(INDEX('Giugno 2026'!AH4:AH37,MATCH("PCPMHL00R03H501G",'Giugno 2026'!B4:B37,0)),0)+IFERROR(INDEX('Luglio 2026'!AI4:AI37,MATCH("PCPMHL00R03H501G",'Luglio 2026'!B4:B37,0)),0)+IFERROR(INDEX('Agosto 2026'!AI4:AI37,MATCH("PCPMHL00R03H501G",'Agosto 2026'!B4:B37,0)),0)+IFERROR(INDEX('Settembre 2026'!AH4:AH37,MATCH("PCPMHL00R03H501G",'Settembre 2026'!B4:B37,0)),0) | K17: =IFERROR(INDEX('Aprile 2026'!AJ4:AJ37,MATCH("PCPMHL00R03H501G",'Aprile 2026'!B4:B37,0)),0)+IFERROR(INDEX('Maggio 2026'!AK4:AK37,MATCH("PCPMHL00R03H501G",'Maggio 2026'!B4:B37,0)),0)+IFERROR(INDEX('Giugno 2026'!AJ4:AJ37,MATCH("PCPMHL00R03H501G",'Giugno 2026'!B4:B37,0)),0)+IFERROR(INDEX('Luglio 2026'!AK4:AK37,MATCH("PCPMHL00R03H501G",'Luglio 2026'!B4:B37,0)),0)+IFERROR(INDEX('Agosto 2026'!AK4:AK37,MATCH("PCPMHL00R03H501G",'Agosto 2026'!B4:B37,0)),0)+IFERROR(INDEX('Settembre 2026'!AJ4:AJ37,MATCH("PCPMHL00R03H501G",'Settembre 2026'!B4:B37,0)),0) | L17: =IF(75=0,0,MIN((J17*24)/150,1)) | M17: GDPR e nuove normative Europee; Linguaggi di programmazione; Back end base: Fondamenti di PHP; Applicazioni dinamiche con PHP e MySql | N17: 8.7460465 | O17: 2.0936329 | P17: =(N17+O17)*J17*24
A18: PASSIO ROBERTA | B18: PSSRRT76L56H501O | C18: Sicurezza Informatica - Tecninf - Fondoconoscenza | J18: =IFERROR(INDEX('Aprile 2026'!AH4:AH37,MATCH("PSSRRT76L56H501O",'Aprile 2026'!B4:B37,0)),0)+IFERROR(INDEX('Maggio 2026'!AI4:AI37,MATCH("PSSRRT76L56H501O",'Maggio 2026'!B4:B37,0)),0)+IFERROR(INDEX('Giugno 2026'!AH4:AH37,MATCH("PSSRRT76L56H501O",'Giugno 2026'!B4:B37,0)),0)+IFERROR(INDEX('Luglio 2026'!AI4:AI37,MATCH("PSSRRT76L56H501O",'Luglio 2026'!B4:B37,0)),0)+IFERROR(INDEX('Agosto 2026'!AI4:AI37,MATCH("PSSRRT76L56H501O",'Agosto 2026'!B4:B37,0)),0)+IFERROR(INDEX('Settembre 2026'!AH4:AH37,MATCH("PSSRRT76L56H501O",'Settembre 2026'!B4:B37,0)),0) | K18: =IFERROR(INDEX('Aprile 2026'!AJ4:AJ37,MATCH("PSSRRT76L56H501O",'Aprile 2026'!B4:B37,0)),0)+IFERROR(INDEX('Maggio 2026'!AK4:AK37,MATCH("PSSRRT76L56H501O",'Maggio 2026'!B4:B37,0)),0)+IFERROR(INDEX('Giugno 2026'!AJ4:AJ37,MATCH("PSSRRT76L56H501O",'Giugno 2026'!B4:B37,0)),0)+IFERROR(INDEX('Luglio 2026'!AK4:AK37,MATCH("PSSRRT76L56H501O",'Luglio 2026'!B4:B37,0)),0)+IFERROR(INDEX('Agosto 2026'!AK4:AK37,MATCH("PSSRRT76L56H501O",'Agosto 2026'!B4:B37,0)),0)+IFERROR(INDEX('Settembre 2026'!AJ4:AJ37,MATCH("PSSRRT76L56H501O",'Settembre 2026'!B4:B37,0)),0) | L18: =IF(75=0,0,MIN((J18*24)/150,1)) | M18: GDPR e nuove normative Europee; Elementi base di sicurezza informatica; Virus e Antivirus per tutti; La Cyber Security; La Network Security; Cloud e Fog Computing; I sistemi cyber fisici; Internet delle Cose e delle Macchine; Gli attacchi tramite Ransomware | N18: 12.31637 | O18: 6.1381456 | P18: =(N18+O18)*J18*24
A19: PERILLA GIAN LEO GAMES | B19: PRLGLG98M18H501X | C19: Big Data - Tecninf - Fondoconoscenza | J19: =IFERROR(INDEX('Aprile 2026'!AH4:AH37,MATCH("PRLGLG98M18H501X",'Aprile 2026'!B4:B37,0)),0)+IFERROR(INDEX('Maggio 2026'!AI4:AI37,MATCH("PRLGLG98M18H501X",'Maggio 2026'!B4:B37,0)),0)+IFERROR(INDEX('Giugno 2026'!AH4:AH37,MATCH("PRLGLG98M18H501X",'Giugno 2026'!B4:B37,0)),0)+IFERROR(INDEX('Luglio 2026'!AI4:AI37,MATCH("PRLGLG98M18H501X",'Luglio 2026'!B4:B37,0)),0)+IFERROR(INDEX('Agosto 2026'!AI4:AI37,MATCH("PRLGLG98M18H501X",'Agosto 2026'!B4:B37,0)),0)+IFERROR(INDEX('Settembre 2026'!AH4:AH37,MATCH("PRLGLG98M18H501X",'Settembre 2026'!B4:B37,0)),0) | K19: =IFERROR(INDEX('Aprile 2026'!AJ4:AJ37,MATCH("PRLGLG98M18H501X",'Aprile 2026'!B4:B37,0)),0)+IFERROR(INDEX('Maggio 2026'!AK4:AK37,MATCH("PRLGLG98M18H501X",'Maggio 2026'!B4:B37,0)),0)+IFERROR(INDEX('Giugno 2026'!AJ4:AJ37,MATCH("PRLGLG98M18H501X",'Giugno 2026'!B4:B37,0)),0)+IFERROR(INDEX('Luglio 2026'!AK4:AK37,MATCH("PRLGLG98M18H501X",'Luglio 2026'!B4:B37,0)),0)+IFERROR(INDEX('Agosto 2026'!AK4:AK37,MATCH("PRLGLG98M18H501X",'Agosto 2026'!B4:B37,0)),0)+IFERROR(INDEX('Settembre 2026'!AJ4:AJ37,MATCH("PRLGLG98M18H501X",'Settembre 2026'!B4:B37,0)),0) | L19: =IF(75=0,0,MIN((J19*24)/150,1)) | M19: Sicurezza e Password Management | N19: 9.731453 | O19: 4.8499074 | P19: =(N19+O19)*J19*24
A20: PINNA ROBERTO CAO | B20: CPNRRT66D27H501V | C20: Project Management per il digitale - Tecninf - Fondoconoscenza | J20: =IFERROR(INDEX('Aprile 2026'!AH4:AH37,MATCH("CPNRRT66D27H501V",'Aprile 2026'!B4:B37,0)),0)+IFERROR(INDEX('Maggio 2026'!AI4:AI37,MATCH("CPNRRT66D27H501V",'Maggio 2026'!B4:B37,0)),0)+IFERROR(INDEX('Giugno 2026'!AH4:AH37,MATCH("CPNRRT66D27H501V",'Giugno 2026'!B4:B37,0)),0)+IFERROR(INDEX('Luglio 2026'!AI4:AI37,MATCH("CPNRRT66D27H501V",'Luglio 2026'!B4:B37,0)),0)+IFERROR(INDEX('Agosto 2026'!AI4:AI37,MATCH("CPNRRT66D27H501V",'Agosto 2026'!B4:B37,0)),0)+IFERROR(INDEX('Settembre 2026'!AH4:AH37,MATCH("CPNRRT66D27H501V",'Settembre 2026'!B4:B37,0)),0) | K20: =IFERROR(INDEX('Aprile 2026'!AJ4:AJ37,MATCH("CPNRRT66D27H501V",'Aprile 2026'!B4:B37,0)),0)+IFERROR(INDEX('Maggio 2026'!AK4:AK37,MATCH("CPNRRT66D27H501V",'Maggio 2026'!B4:B37,0)),0)+IFERROR(INDEX('Giugno 2026'!AJ4:AJ37,MATCH("CPNRRT66D27H501V",'Giugno 2026'!B4:B37,0)),0)+IFERROR(INDEX('Luglio 2026'!AK4:AK37,MATCH("CPNRRT66D27H501V",'Luglio 2026'!B4:B37,0)),0)+IFERROR(INDEX('Agosto 2026'!AK4:AK37,MATCH("CPNRRT66D27H501V",'Agosto 2026'!B4:B37,0)),0)+IFERROR(INDEX('Settembre 2026'!AJ4:AJ37,MATCH("CPNRRT66D27H501V",'Settembre 2026'!B4:B37,0)),0) | L20: =IF(75=0,0,MIN((J20*24)/150,1)) | M20: Ottimizzare ed organizzare i meeting online; Gli approcci nel Problem Solving; Comprensione di una struttura organizzativa; Guidare un team con l'intelligenza emotiva; Fondamenti di Project Management; Predictive-Waterfall e lo sviluppo di un progetto; Comunicazione aziendale e risoluzione dei conflitti; Skills e competenze per comunicare in azienda | N20: 14.36403 | O20: 7.1586761 | P20: =(N20+O20)*J20*24
A21: POGGI ROBERTO | B21: PGGRRT91H07F839Q | C21: Big Data - Tecninf - Fondoconoscenza | J21: =IFERROR(INDEX('Aprile 2026'!AH4:AH37,MATCH("PGGRRT91H07F839Q",'Aprile 2026'!B4:B37,0)),0)+IFERROR(INDEX('Maggio 2026'!AI4:AI37,MATCH("PGGRRT91H07F839Q",'Maggio 2026'!B4:B37,0)),0)+IFERROR(INDEX('Giugno 2026'!AH4:AH37,MATCH("PGGRRT91H07F839Q",'Giugno 2026'!B4:B37,0)),0)+IFERROR(INDEX('Luglio 2026'!AI4:AI37,MATCH("PGGRRT91H07F839Q",'Luglio 2026'!B4:B37,0)),0)+IFERROR(INDEX('Agosto 2026'!AI4:AI37,MATCH("PGGRRT91H07F839Q",'Agosto 2026'!B4:B37,0)),0)+IFERROR(INDEX('Settembre 2026'!AH4:AH37,MATCH("PGGRRT91H07F839Q",'Settembre 2026'!B4:B37,0)),0) | K21: =IFERROR(INDEX('Aprile 2026'!AJ4:AJ37,MATCH("PGGRRT91H07F839Q",'Aprile 2026'!B4:B37,0)),0)+IFERROR(INDEX('Maggio 2026'!AK4:AK37,MATCH("PGGRRT91H07F839Q",'Maggio 2026'!B4:B37,0)),0)+IFERROR(INDEX('Giugno 2026'!AJ4:AJ37,MATCH("PGGRRT91H07F839Q",'Giugno 2026'!B4:B37,0)),0)+IFERROR(INDEX('Luglio 2026'!AK4:AK37,MATCH("PGGRRT91H07F839Q",'Luglio 2026'!B4:B37,0)),0)+IFERROR(INDEX('Agosto 2026'!AK4:AK37,MATCH("PGGRRT91H07F839Q",'Agosto 2026'!B4:B37,0)),0)+IFERROR(INDEX('Settembre 2026'!AJ4:AJ37,MATCH("PGGRRT91H07F839Q",'Settembre 2026'!B4:B37,0)),0) | L21: =IF(75=0,0,MIN((J21*24)/150,1)) | M21: GDPR e nuove normative Europee; Big Data Analytics con Python e Spark; Progettare autorizzazioni e autentificazioni; Sicurezza e Password Management | N21: 10.876926 | O21: 5.4207553 | P21: =(N21+O21)*J21*24
A22: PRASAD RAKESH KUMAR | B22: PRSRSH87S19H501S | C22: Sicurezza Informatica - Tecninf - Fondoconoscenza | J22: =IFERROR(INDEX('Aprile 2026'!AH4:AH37,MATCH("PRSRSH87S19H501S",'Aprile 2026'!B4:B37,0)),0)+IFERROR(INDEX('Maggio 2026'!AI4:AI37,MATCH("PRSRSH87S19H501S",'Maggio 2026'!B4:B37,0)),0)+IFERROR(INDEX('Giugno 2026'!AH4:AH37,MATCH("PRSRSH87S19H501S",'Giugno 2026'!B4:B37,0)),0)+IFERROR(INDEX('Luglio 2026'!AI4:AI37,MATCH("PRSRSH87S19H501S",'Luglio 2026'!B4:B37,0)),0)+IFERROR(INDEX('Agosto 2026'!AI4:AI37,MATCH("PRSRSH87S19H501S",'Agosto 2026'!B4:B37,0)),0)+IFERROR(INDEX('Settembre 2026'!AH4:AH37,MATCH("PRSRSH87S19H501S",'Settembre 2026'!B4:B37,0)),0) | K22: =IFERROR(INDEX('Aprile 2026'!AJ4:AJ37,MATCH("PRSRSH87S19H501S",'Aprile 2026'!B4:B37,0)),0)+IFERROR(INDEX('Maggio 2026'!AK4:AK37,MATCH("PRSRSH87S19H501S",'Maggio 2026'!B4:B37,0)),0)+IFERROR(INDEX('Giugno 2026'!AJ4:AJ37,MATCH("PRSRSH87S19H501S",'Giugno 2026'!B4:B37,0)),0)+IFERROR(INDEX('Luglio 2026'!AK4:AK37,MATCH("PRSRSH87S19H501S",'Luglio 2026'!B4:B37,0)),0)+IFERROR(INDEX('Agosto 2026'!AK4:AK37,MATCH("PRSRSH87S19H501S",'Agosto 2026'!B4:B37,0)),0)+IFERROR(INDEX('Settembre 2026'!AJ4:AJ37,MATCH("PRSRSH87S19H501S",'Settembre 2026'!B4:B37,0)),0) | L22: =IF(75=0,0,MIN((J22*24)/150,1)) | M22: La Cyber Security; Cloud e Fog Computing | N22: 12.412671 | O22: 6.1861767 | P22: =(N22+O22)*J22*24
A23: PUDDU RAIMONDO | B23: PDDRND75R08H501S | C23: Big Data - Tecninf - Fondoconoscenza | J23: =IFERROR(INDEX('Aprile 2026'!AH4:AH37,MATCH("PDDRND75R08H501S",'Aprile 2026'!B4:B37,0)),0)+IFERROR(INDEX('Maggio 2026'!AI4:AI37,MATCH("PDDRND75R08H501S",'Maggio 2026'!B4:B37,0)),0)+IFERROR(INDEX('Giugno 2026'!AH4:AH37,MATCH("PDDRND75R08H501S",'Giugno 2026'!B4:B37,0)),0)+IFERROR(INDEX('Luglio 2026'!AI4:AI37,MATCH("PDDRND75R08H501S",'Luglio 2026'!B4:B37,0)),0)+IFERROR(INDEX('Agosto 2026'!AI4:AI37,MATCH("PDDRND75R08H501S",'Agosto 2026'!B4:B37,0)),0)+IFERROR(INDEX('Settembre 2026'!AH4:AH37,MATCH("PDDRND75R08H501S",'Settembre 2026'!B4:B37,0)),0) | K23: =IFERROR(INDEX('Aprile 2026'!AJ4:AJ37,MATCH("PDDRND75R08H501S",'Aprile 2026'!B4:B37,0)),0)+IFERROR(INDEX('Maggio 2026'!AK4:AK37,MATCH("PDDRND75R08H501S",'Maggio 2026'!B4:B37,0)),0)+IFERROR(INDEX('Giugno 2026'!AJ4:AJ37,MATCH("PDDRND75R08H501S",'Giugno 2026'!B4:B37,0)),0)+IFERROR(INDEX('Luglio 2026'!AK4:AK37,MATCH("PDDRND75R08H501S",'Luglio 2026'!B4:B37,0)),0)+IFERROR(INDEX('Agosto 2026'!AK4:AK37,MATCH("PDDRND75R08H501S",'Agosto 2026'!B4:B37,0)),0)+IFERROR(INDEX('Settembre 2026'!AJ4:AJ37,MATCH("PDDRND75R08H501S",'Settembre 2026'!B4:B37,0)),0) | L23: =IF(75=0,0,MIN((J23*24)/150,1)) | M23: Big data e analisi predittiva; Deep Learning e reti neurali | N23: 11.02898 | O23: 5.4965821 | P23: =(N23+O23)*J23*24
A24: RANIERI FRANCESCO | B24: RNRFNC99L28H501B | C24: La programmazione - Tecninf - Fondoconoscenza | J24: =IFERROR(INDEX('Aprile 2026'!AH4:AH37,MATCH("RNRFNC99L28H501B",'Aprile 2026'!B4:B37,0)),0)+IFERROR(INDEX('Maggio 2026'!AI4:AI37,MATCH("RNRFNC99L28H501B",'Maggio 2026'!B4:B37,0)),0)+IFERROR(INDEX('Giugno 2026'!AH4:AH37,MATCH("RNRFNC99L28H501B",'Giugno 2026'!B4:B37,0)),0)+IFERROR(INDEX('Luglio 2026'!AI4:AI37,MATCH("RNRFNC99L28H501B",'Luglio 2026'!B4:B37,0)),0)+IFERROR(INDEX('Agosto 2026'!AI4:AI37,MATCH("RNRFNC99L28H501B",'Agosto 2026'!B4:B37,0)),0)+IFERROR(INDEX('Settembre 2026'!AH4:AH37,MATCH("RNRFNC99L28H501B",'Settembre 2026'!B4:B37,0)),0) | K24: =IFERROR(INDEX('Aprile 2026'!AJ4:AJ37,MATCH("RNRFNC99L28H501B",'Aprile 2026'!B4:B37,0)),0)+IFERROR(INDEX('Maggio 2026'!AK4:AK37,MATCH("RNRFNC99L28H501B",'Maggio 2026'!B4:B37,0)),0)+IFERROR(INDEX('Giugno 2026'!AJ4:AJ37,MATCH("RNRFNC99L28H501B",'Giugno 2026'!B4:B37,0)),0)+IFERROR(INDEX('Luglio 2026'!AK4:AK37,MATCH("RNRFNC99L28H501B",'Luglio 2026'!B4:B37,0)),0)+IFERROR(INDEX('Agosto 2026'!AK4:AK37,MATCH("RNRFNC99L28H501B",'Agosto 2026'!B4:B37,0)),0)+IFERROR(INDEX('Settembre 2026'!AJ4:AJ37,MATCH("RNRFNC99L28H501B",'Settembre 2026'!B4:B37,0)),0) | L24: =IF(75=0,0,MIN((J24*24)/150,1)) | M24: GDPR e nuove normative Europee; I sistemi operativi; Linguaggi di programmazione; Front end base: HTML, CSS, Bootstrap; Back end base: Fondamenti di PHP; Applicazioni dinamiche con PHP e MySql | N24: 9.8581647 | O24: 1.6745114 | P24: =(N24+O24)*J24*24
A25: ROSA JEREMY DELA | B25: DLRJMY02A20H501A | C25: Big Data - Tecninf - Fondoconoscenza | J25: =IFERROR(INDEX('Aprile 2026'!AH4:AH37,MATCH("DLRJMY02A20H501A",'Aprile 2026'!B4:B37,0)),0)+IFERROR(INDEX('Maggio 2026'!AI4:AI37,MATCH("DLRJMY02A20H501A",'Maggio 2026'!B4:B37,0)),0)+IFERROR(INDEX('Giugno 2026'!AH4:AH37,MATCH("DLRJMY02A20H501A",'Giugno 2026'!B4:B37,0)),0)+IFERROR(INDEX('Luglio 2026'!AI4:AI37,MATCH("DLRJMY02A20H501A",'Luglio 2026'!B4:B37,0)),0)+IFERROR(INDEX('Agosto 2026'!AI4:AI37,MATCH("DLRJMY02A20H501A",'Agosto 2026'!B4:B37,0)),0)+IFERROR(INDEX('Settembre 2026'!AH4:AH37,MATCH("DLRJMY02A20H501A",'Settembre 2026'!B4:B37,0)),0) | K25: =IFERROR(INDEX('Aprile 2026'!AJ4:AJ37,MATCH("DLRJMY02A20H501A",'Aprile 2026'!B4:B37,0)),0)+IFERROR(INDEX('Maggio 2026'!AK4:AK37,MATCH("DLRJMY02A20H501A",'Maggio 2026'!B4:B37,0)),0)+IFERROR(INDEX('Giugno 2026'!AJ4:AJ37,MATCH("DLRJMY02A20H501A",'Giugno 2026'!B4:B37,0)),0)+IFERROR(INDEX('Luglio 2026'!AK4:AK37,MATCH("DLRJMY02A20H501A",'Luglio 2026'!B4:B37,0)),0)+IFERROR(INDEX('Agosto 2026'!AK4:AK37,MATCH("DLRJMY02A20H501A",'Agosto 2026'!B4:B37,0)),0)+IFERROR(INDEX('Settembre 2026'!AJ4:AJ37,MATCH("DLRJMY02A20H501A",'Settembre 2026'!B4:B37,0)),0) | L25: =IF(75=0,0,MIN((J25*24)/150,1)) | M25: Nessuno - i corsi iniziati sono al 100% | N25: 8.7460465 | O25: 2.0936329 | P25: =(N25+O25)*J25*24
A26: SALPIETRO GIANLUCA | B26: SLPGLC81B17G377J | C26: Big Data - Tecninf - Fondoconoscenza | J26: =IFERROR(INDEX('Aprile 2026'!AH4:AH37,MATCH("SLPGLC81B17G377J",'Aprile 2026'!B4:B37,0)),0)+IFERROR(INDEX('Maggio 2026'!AI4:AI37,MATCH("SLPGLC81B17G377J",'Maggio 2026'!B4:B37,0)),0)+IFERROR(INDEX('Giugno 2026'!AH4:AH37,MATCH("SLPGLC81B17G377J",'Giugno 2026'!B4:B37,0)),0)+IFERROR(INDEX('Luglio 2026'!AI4:AI37,MATCH("SLPGLC81B17G377J",'Luglio 2026'!B4:B37,0)),0)+IFERROR(INDEX('Agosto 2026'!AI4:AI37,MATCH("SLPGLC81B17G377J",'Agosto 2026'!B4:B37,0)),0)+IFERROR(INDEX('Settembre 2026'!AH4:AH37,MATCH("SLPGLC81B17G377J",'Settembre 2026'!B4:B37,0)),0) | K26: =IFERROR(INDEX('Aprile 2026'!AJ4:AJ37,MATCH("SLPGLC81B17G377J",'Aprile 2026'!B4:B37,0)),0)+IFERROR(INDEX('Maggio 2026'!AK4:AK37,MATCH("SLPGLC81B17G377J",'Maggio 2026'!B4:B37,0)),0)+IFERROR(INDEX('Giugno 2026'!AJ4:AJ37,MATCH("SLPGLC81B17G377J",'Giugno 2026'!B4:B37,0)),0)+IFERROR(INDEX('Luglio 2026'!AK4:AK37,MATCH("SLPGLC81B17G377J",'Luglio 2026'!B4:B37,0)),0)+IFERROR(INDEX('Agosto 2026'!AK4:AK37,MATCH("SLPGLC81B17G377J",'Agosto 2026'!B4:B37,0)),0)+IFERROR(INDEX('Settembre 2026'!AJ4:AJ37,MATCH("SLPGLC81B17G377J",'Settembre 2026'!B4:B37,0)),0) | L26: =IF(75=0,0,MIN((J26*24)/150,1)) | M26: Big data e analisi predittiva; I Big data in ambito finanziario; Gestione avanzata di un Database; Sicurezza e Password Management | N26: 9.731453 | O26: 4.8499263 | P26: =(N26+O26)*J26*24
A27: SALVATI CARMINE | B27: SLVCMN80D14D086Z | C27: Big Data - Tecninf - Fondoconoscenza | J27: =IFERROR(INDEX('Aprile 2026'!AH4:AH37,MATCH("SLVCMN80D14D086Z",'Aprile 2026'!B4:B37,0)),0)+IFERROR(INDEX('Maggio 2026'!AI4:AI37,MATCH("SLVCMN80D14D086Z",'Maggio 2026'!B4:B37,0)),0)+IFERROR(INDEX('Giugno 2026'!AH4:AH37,MATCH("SLVCMN80D14D086Z",'Giugno 2026'!B4:B37,0)),0)+IFERROR(INDEX('Luglio 2026'!AI4:AI37,MATCH("SLVCMN80D14D086Z",'Luglio 2026'!B4:B37,0)),0)+IFERROR(INDEX('Agosto 2026'!AI4:AI37,MATCH("SLVCMN80D14D086Z",'Agosto 2026'!B4:B37,0)),0)+IFERROR(INDEX('Settembre 2026'!AH4:AH37,MATCH("SLVCMN80D14D086Z",'Settembre 2026'!B4:B37,0)),0) | K27: =IFERROR(INDEX('Aprile 2026'!AJ4:AJ37,MATCH("SLVCMN80D14D086Z",'Aprile 2026'!B4:B37,0)),0)+IFERROR(INDEX('Maggio 2026'!AK4:AK37,MATCH("SLVCMN80D14D086Z",'Maggio 2026'!B4:B37,0)),0)+IFERROR(INDEX('Giugno 2026'!AJ4:AJ37,MATCH("SLVCMN80D14D086Z",'Giugno 2026'!B4:B37,0)),0)+IFERROR(INDEX('Luglio 2026'!AK4:AK37,MATCH("SLVCMN80D14D086Z",'Luglio 2026'!B4:B37,0)),0)+IFERROR(INDEX('Agosto 2026'!AK4:AK37,MATCH("SLVCMN80D14D086Z",'Agosto 2026'!B4:B37,0)),0)+IFERROR(INDEX('Settembre 2026'!AJ4:AJ37,MATCH("SLVCMN80D14D086Z",'Settembre 2026'!B4:B37,0)),0) | L27: =IF(75=0,0,MIN((J27*24)/150,1)) | M27: GDPR e nuove normative Europee; Big data e analisi predittiva; I Big data in ambito finanziario; Database relazionali e linguaggio SQL con PHP; Natural Language Processing con Python; Il Machine Learning con Python; Progettare autorizzazioni e autentificazioni; Gestione avanzata di un Database; Sicurezza e Password Management | N27: 11.662538 | O27: 5.8123056 | P27: =(N27+O27)*J27*24
A28: SAMBRINI ALESSIA | B28: SMBLSS74D47H501E | C28: Big Data - Tecninf - Fondoconoscenza | J28: =IFERROR(INDEX('Aprile 2026'!AH4:AH37,MATCH("SMBLSS74D47H501E",'Aprile 2026'!B4:B37,0)),0)+IFERROR(INDEX('Maggio 2026'!AI4:AI37,MATCH("SMBLSS74D47H501E",'Maggio 2026'!B4:B37,0)),0)+IFERROR(INDEX('Giugno 2026'!AH4:AH37,MATCH("SMBLSS74D47H501E",'Giugno 2026'!B4:B37,0)),0)+IFERROR(INDEX('Luglio 2026'!AI4:AI37,MATCH("SMBLSS74D47H501E",'Luglio 2026'!B4:B37,0)),0)+IFERROR(INDEX('Agosto 2026'!AI4:AI37,MATCH("SMBLSS74D47H501E",'Agosto 2026'!B4:B37,0)),0)+IFERROR(INDEX('Settembre 2026'!AH4:AH37,MATCH("SMBLSS74D47H501E",'Settembre 2026'!B4:B37,0)),0) | K28: =IFERROR(INDEX('Aprile 2026'!AJ4:AJ37,MATCH("SMBLSS74D47H501E",'Aprile 2026'!B4:B37,0)),0)+IFERROR(INDEX('Maggio 2026'!AK4:AK37,MATCH("SMBLSS74D47H501E",'Maggio 2026'!B4:B37,0)),0)+IFERROR(INDEX('Giugno 2026'!AJ4:AJ37,MATCH("SMBLSS74D47H501E",'Giugno 2026'!B4:B37,0)),0)+IFERROR(INDEX('Luglio 2026'!AK4:AK37,MATCH("SMBLSS74D47H501E",'Luglio 2026'!B4:B37,0)),0)+IFERROR(INDEX('Agosto 2026'!AK4:AK37,MATCH("SMBLSS74D47H501E",'Agosto 2026'!B4:B37,0)),0)+IFERROR(INDEX('Settembre 2026'!AJ4:AJ37,MATCH("SMBLSS74D47H501E",'Settembre 2026'!B4:B37,0)),0) | L28: =IF(75=0,0,MIN((J28*24)/150,1)) | M28: Introduzione ai Big Data nelle aziende; Big data e analisi predittiva; Progettare autorizzazioni e autentificazioni | N28: 10.425833 | O28: 5.1310045 | P28: =(N28+O28)*J28*24
A29: SAVAIANO SILVIA | B29: SVNSLV89A46H501I | C29: La programmazione - Tecninf - Fondoconoscenza | J29: =IFERROR(INDEX('Aprile 2026'!AH4:AH37,MATCH("SVNSLV89A46H501I",'Aprile 2026'!B4:B37,0)),0)+IFERROR(INDEX('Maggio 2026'!AI4:AI37,MATCH("SVNSLV89A46H501I",'Maggio 2026'!B4:B37,0)),0)+IFERROR(INDEX('Giugno 2026'!AH4:AH37,MATCH("SVNSLV89A46H501I",'Giugno 2026'!B4:B37,0)),0)+IFERROR(INDEX('Luglio 2026'!AI4:AI37,MATCH("SVNSLV89A46H501I",'Luglio 2026'!B4:B37,0)),0)+IFERROR(INDEX('Agosto 2026'!AI4:AI37,MATCH("SVNSLV89A46H501I",'Agosto 2026'!B4:B37,0)),0)+IFERROR(INDEX('Settembre 2026'!AH4:AH37,MATCH("SVNSLV89A46H501I",'Settembre 2026'!B4:B37,0)),0) | K29: =IFERROR(INDEX('Aprile 2026'!AJ4:AJ37,MATCH("SVNSLV89A46H501I",'Aprile 2026'!B4:B37,0)),0)+IFERROR(INDEX('Maggio 2026'!AK4:AK37,MATCH("SVNSLV89A46H501I",'Maggio 2026'!B4:B37,0)),0)+IFERROR(INDEX('Giugno 2026'!AJ4:AJ37,MATCH("SVNSLV89A46H501I",'Giugno 2026'!B4:B37,0)),0)+IFERROR(INDEX('Luglio 2026'!AK4:AK37,MATCH("SVNSLV89A46H501I",'Luglio 2026'!B4:B37,0)),0)+IFERROR(INDEX('Agosto 2026'!AK4:AK37,MATCH("SVNSLV89A46H501I",'Agosto 2026'!B4:B37,0)),0)+IFERROR(INDEX('Settembre 2026'!AJ4:AJ37,MATCH("SVNSLV89A46H501I",'Settembre 2026'!B4:B37,0)),0) | L29: =IF(75=0,0,MIN((J29*24)/150,1)) | M29: GDPR e nuove normative Europee; I sistemi operativi; Linguaggi di programmazione; Back end base: Fondamenti di PHP | N29: 9.731453 | O29: 4.8499263 | P29: =(N29+O29)*J29*24
A30: SCALVEDI FILIPPO | B30: SCLFPP97S05H501K | C30: Big Data - Tecninf - Fondoconoscenza | J30: =IFERROR(INDEX('Aprile 2026'!AH4:AH37,MATCH("SCLFPP97S05H501K",'Aprile 2026'!B4:B37,0)),0)+IFERROR(INDEX('Maggio 2026'!AI4:AI37,MATCH("SCLFPP97S05H501K",'Maggio 2026'!B4:B37,0)),0)+IFERROR(INDEX('Giugno 2026'!AH4:AH37,MATCH("SCLFPP97S05H501K",'Giugno 2026'!B4:B37,0)),0)+IFERROR(INDEX('Luglio 2026'!AI4:AI37,MATCH("SCLFPP97S05H501K",'Luglio 2026'!B4:B37,0)),0)+IFERROR(INDEX('Agosto 2026'!AI4:AI37,MATCH("SCLFPP97S05H501K",'Agosto 2026'!B4:B37,0)),0)+IFERROR(INDEX('Settembre 2026'!AH4:AH37,MATCH("SCLFPP97S05H501K",'Settembre 2026'!B4:B37,0)),0) | K30: =IFERROR(INDEX('Aprile 2026'!AJ4:AJ37,MATCH("SCLFPP97S05H501K",'Aprile 2026'!B4:B37,0)),0)+IFERROR(INDEX('Maggio 2026'!AK4:AK37,MATCH("SCLFPP97S05H501K",'Maggio 2026'!B4:B37,0)),0)+IFERROR(INDEX('Giugno 2026'!AJ4:AJ37,MATCH("SCLFPP97S05H501K",'Giugno 2026'!B4:B37,0)),0)+IFERROR(INDEX('Luglio 2026'!AK4:AK37,MATCH("SCLFPP97S05H501K",'Luglio 2026'!B4:B37,0)),0)+IFERROR(INDEX('Agosto 2026'!AK4:AK37,MATCH("SCLFPP97S05H501K",'Agosto 2026'!B4:B37,0)),0)+IFERROR(INDEX('Settembre 2026'!AJ4:AJ37,MATCH("SCLFPP97S05H501K",'Settembre 2026'!B4:B37,0)),0) | L30: =IF(75=0,0,MIN((J30*24)/150,1)) | M30: Big Data Analytics con Python e Spark | N30: 9.8581647 | O30: 1.6837575 | P30: =(N30+O30)*J30*24
A31: SCRIMIERI TIZIANO | B31: SCRTZN80A09H501I | C31: Big Data - Tecninf - Fondoconoscenza | J31: =IFERROR(INDEX('Aprile 2026'!AH4:AH37,MATCH("SCRTZN80A09H501I",'Aprile 2026'!B4:B37,0)),0)+IFERROR(INDEX('Maggio 2026'!AI4:AI37,MATCH("SCRTZN80A09H501I",'Maggio 2026'!B4:B37,0)),0)+IFERROR(INDEX('Giugno 2026'!AH4:AH37,MATCH("SCRTZN80A09H501I",'Giugno 2026'!B4:B37,0)),0)+IFERROR(INDEX('Luglio 2026'!AI4:AI37,MATCH("SCRTZN80A09H501I",'Luglio 2026'!B4:B37,0)),0)+IFERROR(INDEX('Agosto 2026'!AI4:AI37,MATCH("SCRTZN80A09H501I",'Agosto 2026'!B4:B37,0)),0)+IFERROR(INDEX('Settembre 2026'!AH4:AH37,MATCH("SCRTZN80A09H501I",'Settembre 2026'!B4:B37,0)),0) | K31: =IFERROR(INDEX('Aprile 2026'!AJ4:AJ37,MATCH("SCRTZN80A09H501I",'Aprile 2026'!B4:B37,0)),0)+IFERROR(INDEX('Maggio 2026'!AK4:AK37,MATCH("SCRTZN80A09H501I",'Maggio 2026'!B4:B37,0)),0)+IFERROR(INDEX('Giugno 2026'!AJ4:AJ37,MATCH("SCRTZN80A09H501I",'Giugno 2026'!B4:B37,0)),0)+IFERROR(INDEX('Luglio 2026'!AK4:AK37,MATCH("SCRTZN80A09H501I",'Luglio 2026'!B4:B37,0)),0)+IFERROR(INDEX('Agosto 2026'!AK4:AK37,MATCH("SCRTZN80A09H501I",'Agosto 2026'!B4:B37,0)),0)+IFERROR(INDEX('Settembre 2026'!AJ4:AJ37,MATCH("SCRTZN80A09H501I",'Settembre 2026'!B4:B37,0)),0) | L31: =IF(75=0,0,MIN((J31*24)/150,1)) | M31: GDPR e nuove normative Europee; Big data e analisi predittiva; Database relazionali e linguaggio SQL con PHP; Deep Learning e reti neurali | N31: 12.240343 | O31: 6.0163062 | P31: =(N31+O31)*J31*24
A32: STASIUC DENIS | B32: STSDNS91B05Z140T | C32: Big Data - Tecninf - Fondoconoscenza | J32: =IFERROR(INDEX('Aprile 2026'!AH4:AH37,MATCH("STSDNS91B05Z140T",'Aprile 2026'!B4:B37,0)),0)+IFERROR(INDEX('Maggio 2026'!AI4:AI37,MATCH("STSDNS91B05Z140T",'Maggio 2026'!B4:B37,0)),0)+IFERROR(INDEX('Giugno 2026'!AH4:AH37,MATCH("STSDNS91B05Z140T",'Giugno 2026'!B4:B37,0)),0)+IFERROR(INDEX('Luglio 2026'!AI4:AI37,MATCH("STSDNS91B05Z140T",'Luglio 2026'!B4:B37,0)),0)+IFERROR(INDEX('Agosto 2026'!AI4:AI37,MATCH("STSDNS91B05Z140T",'Agosto 2026'!B4:B37,0)),0)+IFERROR(INDEX('Settembre 2026'!AH4:AH37,MATCH("STSDNS91B05Z140T",'Settembre 2026'!B4:B37,0)),0) | K32: =IFERROR(INDEX('Aprile 2026'!AJ4:AJ37,MATCH("STSDNS91B05Z140T",'Aprile 2026'!B4:B37,0)),0)+IFERROR(INDEX('Maggio 2026'!AK4:AK37,MATCH("STSDNS91B05Z140T",'Maggio 2026'!B4:B37,0)),0)+IFERROR(INDEX('Giugno 2026'!AJ4:AJ37,MATCH("STSDNS91B05Z140T",'Giugno 2026'!B4:B37,0)),0)+IFERROR(INDEX('Luglio 2026'!AK4:AK37,MATCH("STSDNS91B05Z140T",'Luglio 2026'!B4:B37,0)),0)+IFERROR(INDEX('Agosto 2026'!AK4:AK37,MATCH("STSDNS91B05Z140T",'Agosto 2026'!B4:B37,0)),0)+IFERROR(INDEX('Settembre 2026'!AJ4:AJ37,MATCH("STSDNS91B05Z140T",'Settembre 2026'!B4:B37,0)),0) | L32: =IF(75=0,0,MIN((J32*24)/150,1)) | M32: I Big data in ambito finanziario; Natural Language Processing con Python | N32: 10.288984 | O32: 5.1277614 | P32: =(N32+O32)*J32*24
A33: TARISCIOTTI ANDREA | B33: TRSNDR97M24H501B | C33: La programmazione - Tecninf - Fondoconoscenza | J33: =IFERROR(INDEX('Aprile 2026'!AH4:AH37,MATCH("TRSNDR97M24H501B",'Aprile 2026'!B4:B37,0)),0)+IFERROR(INDEX('Maggio 2026'!AI4:AI37,MATCH("TRSNDR97M24H501B",'Maggio 2026'!B4:B37,0)),0)+IFERROR(INDEX('Giugno 2026'!AH4:AH37,MATCH("TRSNDR97M24H501B",'Giugno 2026'!B4:B37,0)),0)+IFERROR(INDEX('Luglio 2026'!AI4:AI37,MATCH("TRSNDR97M24H501B",'Luglio 2026'!B4:B37,0)),0)+IFERROR(INDEX('Agosto 2026'!AI4:AI37,MATCH("TRSNDR97M24H501B",'Agosto 2026'!B4:B37,0)),0)+IFERROR(INDEX('Settembre 2026'!AH4:AH37,MATCH("TRSNDR97M24H501B",'Settembre 2026'!B4:B37,0)),0) | K33: =IFERROR(INDEX('Aprile 2026'!AJ4:AJ37,MATCH("TRSNDR97M24H501B",'Aprile 2026'!B4:B37,0)),0)+IFERROR(INDEX('Maggio 2026'!AK4:AK37,MATCH("TRSNDR97M24H501B",'Maggio 2026'!B4:B37,0)),0)+IFERROR(INDEX('Giugno 2026'!AJ4:AJ37,MATCH("TRSNDR97M24H501B",'Giugno 2026'!B4:B37,0)),0)+IFERROR(INDEX('Luglio 2026'!AK4:AK37,MATCH("TRSNDR97M24H501B",'Luglio 2026'!B4:B37,0)),0)+IFERROR(INDEX('Agosto 2026'!AK4:AK37,MATCH("TRSNDR97M24H501B",'Agosto 2026'!B4:B37,0)),0)+IFERROR(INDEX('Settembre 2026'!AJ4:AJ37,MATCH("TRSNDR97M24H501B",'Settembre 2026'!B4:B37,0)),0) | L33: =IF(75=0,0,MIN((J33*24)/150,1)) | M33: Front end avanzato: JavaScript e jQuery; Applicazioni dinamiche con PHP e MySql | N33: 10.527202 | O33: 5.7773853 | P33: =(N33+O33)*J33*24
A34: TOCI ANTONETA | B34: TCONNT91H59Z100O | C34: La programmazione - Tecninf - Fondoconoscenza | J34: =IFERROR(INDEX('Aprile 2026'!AH4:AH37,MATCH("TCONNT91H59Z100O",'Aprile 2026'!B4:B37,0)),0)+IFERROR(INDEX('Maggio 2026'!AI4:AI37,MATCH("TCONNT91H59Z100O",'Maggio 2026'!B4:B37,0)),0)+IFERROR(INDEX('Giugno 2026'!AH4:AH37,MATCH("TCONNT91H59Z100O",'Giugno 2026'!B4:B37,0)),0)+IFERROR(INDEX('Luglio 2026'!AI4:AI37,MATCH("TCONNT91H59Z100O",'Luglio 2026'!B4:B37,0)),0)+IFERROR(INDEX('Agosto 2026'!AI4:AI37,MATCH("TCONNT91H59Z100O",'Agosto 2026'!B4:B37,0)),0)+IFERROR(INDEX('Settembre 2026'!AH4:AH37,MATCH("TCONNT91H59Z100O",'Settembre 2026'!B4:B37,0)),0) | K34: =IFERROR(INDEX('Aprile 2026'!AJ4:AJ37,MATCH("TCONNT91H59Z100O",'Aprile 2026'!B4:B37,0)),0)+IFERROR(INDEX('Maggio 2026'!AK4:AK37,MATCH("TCONNT91H59Z100O",'Maggio 2026'!B4:B37,0)),0)+IFERROR(INDEX('Giugno 2026'!AJ4:AJ37,MATCH("TCONNT91H59Z100O",'Giugno 2026'!B4:B37,0)),0)+IFERROR(INDEX('Luglio 2026'!AK4:AK37,MATCH("TCONNT91H59Z100O",'Luglio 2026'!B4:B37,0)),0)+IFERROR(INDEX('Agosto 2026'!AK4:AK37,MATCH("TCONNT91H59Z100O",'Agosto 2026'!B4:B37,0)),0)+IFERROR(INDEX('Settembre 2026'!AJ4:AJ37,MATCH("TCONNT91H59Z100O",'Settembre 2026'!B4:B37,0)),0) | L34: =IF(75=0,0,MIN((J34*24)/150,1)) | M34: Nessuno - i corsi iniziati sono al 100% | N34: 9.731453 | O34: 4.8499263 | P34: =(N34+O34)*J34*24
A35: VISWANATHAN SRIDHAR | B35: VSWSDH86S22Z222H | C35: Project Management per il digitale - Tecninf - Fondoconoscenza | J35: =IFERROR(INDEX('Aprile 2026'!AH4:AH37,MATCH("VSWSDH86S22Z222H",'Aprile 2026'!B4:B37,0)),0)+IFERROR(INDEX('Maggio 2026'!AI4:AI37,MATCH("VSWSDH86S22Z222H",'Maggio 2026'!B4:B37,0)),0)+IFERROR(INDEX('Giugno 2026'!AH4:AH37,MATCH("VSWSDH86S22Z222H",'Giugno 2026'!B4:B37,0)),0)+IFERROR(INDEX('Luglio 2026'!AI4:AI37,MATCH("VSWSDH86S22Z222H",'Luglio 2026'!B4:B37,0)),0)+IFERROR(INDEX('Agosto 2026'!AI4:AI37,MATCH("VSWSDH86S22Z222H",'Agosto 2026'!B4:B37,0)),0)+IFERROR(INDEX('Settembre 2026'!AH4:AH37,MATCH("VSWSDH86S22Z222H",'Settembre 2026'!B4:B37,0)),0) | K35: =IFERROR(INDEX('Aprile 2026'!AJ4:AJ37,MATCH("VSWSDH86S22Z222H",'Aprile 2026'!B4:B37,0)),0)+IFERROR(INDEX('Maggio 2026'!AK4:AK37,MATCH("VSWSDH86S22Z222H",'Maggio 2026'!B4:B37,0)),0)+IFERROR(INDEX('Giugno 2026'!AJ4:AJ37,MATCH("VSWSDH86S22Z222H",'Giugno 2026'!B4:B37,0)),0)+IFERROR(INDEX('Luglio 2026'!AK4:AK37,MATCH("VSWSDH86S22Z222H",'Luglio 2026'!B4:B37,0)),0)+IFERROR(INDEX('Agosto 2026'!AK4:AK37,MATCH("VSWSDH86S22Z222H",'Agosto 2026'!B4:B37,0)),0)+IFERROR(INDEX('Settembre 2026'!AJ4:AJ37,MATCH("VSWSDH86S22Z222H",'Settembre 2026'!B4:B37,0)),0) | L35: =IF(75=0,0,MIN((J35*24)/150,1)) | M35: Influenzare positivamente il clima aziendale | N35: 11.991988 | O35: 5.9764755 | P35: =(N35+O35)*J35*24
A36: TOTALE | J36: =SUM(J3:J35) | K36: =SUM(K3:K35) | P36: =SUM(P3:P35)
A37: TOTALE NON FINANZIATO

Sheet Aprile 2026
A1: MONITORAGGIO ORE FORMAZIONE - Aprile 2026 - TECNINF SPA
A3: Utente | B3: Codice Fiscale | C3: Percorso Formativo | D3: 1 M | E3: 2 G | F3: 3 V | G3: 4 S | H3: 5 D | I3: 6 L | J3: 7 M | K3: 8 M | L3: 9 G | M3: 10 V | N3: 11 S | O3: 12 D | P3: 13 L | Q3: 14 M | R3: 15 M | S3: 16 G | T3: 17 V | U3: 18 S | V3: 19 D | W3: 20 L | X3: 21 M | Y3: 22 M | Z3: 23 G | AA3: 24 V | AB3: 25 S | AC3: 26 D | AD3: 27 L | AE3: 28 M | AF3: 29 M | AG3: 30 G | AH3: Totale Ore Effettive | AI3: Ore Totali | AJ3: Totale Eccesso | AK3: Eccesso Weekend | AL3: Eccesso Dopo 18:00 | AM3: Eccesso Mattutino
A4: ALBA WILLIAM JULIAN PAZ | B4: PZLWLM96A16Z504F | C4: La programmazione - Tecninf - Fondoconoscenza | AG4: 0.029780093 | AH4: =SUM(D4:AG4) | AI4: 0.029780093 | AJ4: =AI4-AH4
A5: BADII ALESSANDRO | B5: BDALSN01R03H501Z | C5: Big Data - Tecninf - Fondoconoscenza | AH5: =SUM(D5:AG5) | AJ5: =AI5-AH5
A6: BADINE HICHAM | B6: BDNHHM97H19H501Q | C6: La programmazione - Tecninf - Fondoconoscenza | AH6: =SUM(D6:AG6) | AJ6: =AI6-AH6
A7: BECIANI ANDREA | B7: BCNNDR82P16D773D | C7: La programmazione - Tecninf - Fondoconoscenza | AF7: 0.12271991 | AG7: 0.099780093 | AH7: =SUM(D7:AG7) | AI7: 0.2474537 | AJ7: =AI7-AH7 | AL7: 0.024953704
A8: BOONTAWEE JUTATIP | B8: BNTJTP78S54Z241U | C8: Project Management per il digitale - Tecninf - Fondoconoscenza | AH8: =SUM(D8:AG8) | AJ8: =AI8-AH8
A9: BUTTINELLI GIORGIA | B9: BTTGRG97S59G274Q | C9: Big Data - Tecninf - Fondoconoscenza | AH9: =SUM(D9:AG9) | AJ9: =AI9-AH9
A10: CARABLUT VICTOR | B10: CRBVTR94A11Z140B | C10: Sicurezza Informatica - Tecninf - Fondoconoscenza | AH10: =SUM(D10:AG10) | AJ10: =AI10-AH10
A11: CECCONI ANTHONY | B11: CCCNHN91D19H501W | C11: La programmazione - Tecninf - Fondoconoscenza | AE11: 0.15533565 | AF11: 0.13935185 | AH11: =SUM(D11:AG11) | AI11: 0.2946875 | AJ11: =AI11-AH11
A12: CHIARA GOBBI MARIA | B12: GBBMCH73R57H501G | C12: L'ufficio digitale - Tecninf - Fondoconoscenza | AH12: =SUM(D12:AG12) | AJ12: =AI12-AH12
A13: LIMETTI ION | B13: LMTNIO94M03Z129S | C13: Big Data - Tecninf - Fondoconoscenza | AH13: =SUM(D13:AG13) | AJ13: =AI13-AH13
A14: LUCA' VERONICA | B14: LCUVNC85L52D976T | C14: Big Data - Tecninf - Fondoconoscenza | AE14: 0.045289352 | AH14: =SUM(D14:AG14) | AI14: 0.045289352 | AJ14: =AI14-AH14
A15: MAGNANINI LORENZO | B15: MGNLNZ97M04H501T | C15: La programmazione - Tecninf - Fondoconoscenza | AH15: =SUM(D15:AG15) | AJ15: =AI15-AH15
A16: MARIANI ALESSIA | B16: MRNLSS75L68H501L | C16: Big Data - Tecninf - Fondoconoscenza | AH16: =SUM(D16:AG16) | AJ16: =AI16-AH16
A17: MASCELLINO GIULIO | B17: MSCGLI83C04G511L | C17: Big Data - Tecninf - Fondoconoscenza | AH17: =SUM(D17:AG17) | AJ17: =AI17-AH17
A18: PACPACO MICHAEL DEPOLLY | B18: PCPMHL00R03H501G | C18: La programmazione - Tecninf - Fondoconoscenza | AE18: 0.081643519 | AF18: 0.026493056 | AH18: =SUM(D18:AG18) | AI18: 0.10813657 | AJ18: =AI18-AH18
A19: PASSIO ROBERTA | B19: PSSRRT76L56H501O | C19: Sicurezza Informatica - Tecninf - Fondoconoscenza | AH19: =SUM(D19:AG19) | AJ19: =AI19-AH19
A20: PERILLA GIAN LEO GAMES | B20: PRLGLG98M18H501X | C20: Big Data - Tecninf - Fondoconoscenza | AH20: =SUM(D20:AG20) | AJ20: =AI20-AH20
A21: PINNA ROBERTO CAO | B21: CPNRRT66D27H501V | C21: Project Management per il digitale - Tecninf - Fondoconoscenza | AH21: =SUM(D21:AG21) | AJ21: =AI21-AH21
A22: POGGI ROBERTO | B22: PGGRRT91H07F839Q | C22: Big Data - Tecninf - Fondoconoscenza | AE22: 0.0068287037 | AH22: =SUM(D22:AG22) | AI22: 0.0068287037 | AJ22: =AI22-AH22
A23: PRASAD RAKESH KUMAR | B23: PRSRSH87S19H501S | C23: Sicurezza Informatica - Tecninf - Fondoconoscenza | AH23: =SUM(D23:AG23) | AJ23: =AI23-AH23
A24: PUDDU RAIMONDO | B24: PDDRND75R08H501S | C24: Big Data - Tecninf - Fondoconoscenza | AG24: 0.00059027778 | AH24: =SUM(D24:AG24) | AI24: 0.00059027778 | AJ24: =AI24-AH24
A25: RANIERI FRANCESCO | B25: RNRFNC99L28H501B | C25: La programmazione - Tecninf - Fondoconoscenza | AH25: =SUM(D25:AG25) | AJ25: =AI25-AH25
A26: ROSA JEREMY DELA | B26: DLRJMY02A20H501A | C26: Big Data - Tecninf - Fondoconoscenza | AH26: =SUM(D26:AG26) | AJ26: =AI26-AH26
A27: SALPIETRO GIANLUCA | B27: SLPGLC81B17G377J | C27: Big Data - Tecninf - Fondoconoscenza | AH27: =SUM(D27:AG27) | AJ27: =AI27-AH27
A28: SALVATI CARMINE | B28: SLVCMN80D14D086Z | C28: Big Data - Tecninf - Fondoconoscenza | AH28: =SUM(D28:AG28) | AJ28: =AI28-AH28
A29: SAMBRINI ALESSIA | B29: SMBLSS74D47H501E | C29: Big Data - Tecninf - Fondoconoscenza | AH29: =SUM(D29:AG29) | AJ29: =AI29-AH29
A30: SAVAIANO SILVIA | B30: SVNSLV89A46H501I | C30: La programmazione - Tecninf - Fondoconoscenza | AH30: =SUM(D30:AG30) | AJ30: =AI30-AH30
A31: SCALVEDI FILIPPO | B31: SCLFPP97S05H501K | C31: Big Data - Tecninf - Fondoconoscenza | AF31: 0.018449074 | AH31: =SUM(D31:AG31) | AI31: 0.018449074 | AJ31: =AI31-AH31
A32: SCRIMIERI TIZIANO | B32: SCRTZN80A09H501I | C32: Big Data - Tecninf - Fondoconoscenza | AH32: =SUM(D32:AG32) | AJ32: =AI32-AH32
A33: STASIUC DENIS | B33: STSDNS91B05Z140T | C33: Big Data - Tecninf - Fondoconoscenza | AE33: 0.023310185 | AG33: 0.012685185 | AH33: =SUM(D33:AG33) | AI33: 0.03599537 | AJ33: =AI33-AH33
A34: TARISCIOTTI ANDREA | B34: TRSNDR97M24H501B | C34: La programmazione - Tecninf - Fondoconoscenza | AE34: 0.00040509259 | AG34: 0 | AH34: =SUM(D34:AG34) | AI34: 0.03275463 | AJ34: =AI34-AH34 | AL34: 0.032349537
A35: TOCI ANTONETA | B35: TCONNT91H59Z100O | C35: La programmazione - Tecninf - Fondoconoscenza | AH35: =SUM(D35:AG35) | AJ35: =AI35-AH35
A36: VISWANATHAN SRIDHAR | B36: VSWSDH86S22Z222H | C36: Project Management per il digitale - Tecninf - Fondoconoscenza | AH36: =SUM(D36:AG36) | AJ36: =AI36-AH36
A37: TOTALE | D37: =SUM(D4:D36) | E37: =SUM(E4:E36) | F37: =SUM(F4:F36) | G37: =SUM(G4:G36) | H37: =SUM(H4:H36) | I37: =SUM(I4:I36) | J37: =SUM(J4:J36) | K37: =SUM(K4:K36) | ... AM37: =SUM(AM4:AM36)

Sheet Maggio 2026
A1: MONITORAGGIO ORE FORMAZIONE - Maggio 2026 - TECNINF SPA
A3: Utente | B3: Codice Fiscale | C3: Percorso Formativo | D3: 1 V | E3: 2 S | F3: 3 D | G3: 4 L | H3: 5 M | I3: 6 M | J3: 7 G | K3: 8 V | L3: 9 S | M3: 10 D | N3: 11 L | O3: 12 M | P3: 13 M | Q3: 14 G | R3: 15 V | S3: 16 S | T3: 17 D | U3: 18 L | V3: 19 M | W3: 20 M | X3: 21 G | Y3: 22 V | Z3: 23 S | AA3: 24 D | AB3: 25 L | AC3: 26 M | AD3: 27 M | AE3: 28 G | AF3: 29 V | AG3: 30 S | AH3: 31 D | AI3: Totale Ore Effettive | AJ3: Ore Totali | AK3: Totale Eccesso | AL3: Eccesso Weekend | AM3: Eccesso Dopo 18:00 | AN3: Eccesso Mattutino
A4: ALBA WILLIAM JULIAN PAZ | B4: PZLWLM96A16Z504F | C4: La programmazione - Tecninf - Fondoconoscenza | G4: 0.0020949074 | K4: 0.0085532407 | O4: 0.021539352 | AI4: =SUM(D4:AH4) | AJ4: 0.0321875 | AK4: =AJ4-AI4
A5: BADII ALESSANDRO | B5: BDALSN01R03H501Z | C5: Big Data - Tecninf - Fondoconoscenza | AI5: =SUM(D5:AH5) | AK5: =AJ5-AI5
A6: BADINE HICHAM | B6: BDNHHM97H19H501Q | C6: La programmazione - Tecninf - Fondoconoscenza | N6: 0.030416667 | O6: 0.025833333 | P6: 0.12313657 | Q6: 0.029490741 | R6: 0.052604167 | U6: 0.034340278 | V6: 0.089178241 | W6: 0.13118056 | X6: 0.12915509 | Y6: 0.15165509 | AB6: 0.13440972 | AC6: 0.12314815 | AD6: 0.0068287037 | AE6: 0.094490741 | AF6: 0.028715278 | AI6: =SUM(D6:AH6) | AJ6: 1.1845833 | AK6: =AJ6-AI6
A7: BECIANI ANDREA | B7: BCNNDR82P16D773D | C7: La programmazione - Tecninf - Fondoconoscenza | G7: 0.016979167 | H7: 0.034560185 | I7: 0.06443287 | J7: 0.0021412037 | K7: 0.035405093 | N7: 0.030243056 | O7: 0.050659722 | R7: 0.026006944 | U7: 0.047650463 | V7: 0.086759259 | W7: 0.18828704 | X7: 0.12716435 | AB7: 0.050729167 | AE7: 0.024189815 | AF7: 0.038981481 | AI7: =SUM(D7:AH7) | AJ7: 0.90327546 | AK7: =AJ7-AI7 | AM7: 0.047523148 | AN7: 0.0315625
A8: BOONTAWEE JUTATIP | B8: BNTJTP78S54Z241U | C8: Project Management per il digitale - Tecninf - Fondoconoscenza | AI8: =SUM(D8:AH8) | AK8: =AJ8-AI8
A9: BUTTINELLI GIORGIA | B9: BTTGRG97S59G274Q | C9: Big Data - Tecninf - Fondoconoscenza | AI9: =SUM(D9:AH9) | AK9: =AJ9-AI9
A10: CARABLUT VICTOR | B10: CRBVTR94A11Z140B | C10: Sicurezza Informatica - Tecninf - Fondoconoscenza | AI10: =SUM(D10:AH10) | AK10: =AJ10-AI10
A11: CECCONI ANTHONY | B11: CCCNHN91D19H501W | C11: La programmazione - Tecninf - Fondoconoscenza | G11: 0.1762037 | H11: 0.089988426 | K11: 0.10079861 | N11: 0.19335648 | O11: 0.10247685 | Q11: 0.22340278 | R11: 0.072337963 | U11: 0.09162037 | V11: 0.075011574 | W11: 0.03900463 | X11: 0.042094907 | AB11: 0.030138889 | AC11: 0.09431713 | AD11: 0.043958333 | AE11: 0.06537037 | AF11: 0.15116898 | AI11: =SUM(D11:AH11) | AJ11: 1.59125 | AK11: =AJ11-AI11
A12: CHIARA GOBBI MARIA | B12: GBBMCH73R57H501G | C12: L'ufficio digitale - Tecninf - Fondoconoscenza | AI12: =SUM(D12:AH12) | AK12: =AJ12-AI12
A13: LIMETTI ION | B13: LMTNIO94M03Z129S | C13: Big Data - Tecninf - Fondoconoscenza | H13: 0.1730787 | I13: 0.28488426 | J13: 0.051481481 | V13: 0.20497685 | AB13: 0.23744213 | AC13: 0.21349537 | AD13: 0.21792824 | AI13: =SUM(D13:AH13) | AJ13: 1.383287 | AK13: =AJ13-AI13
A14: LUCA' VERONICA | B14: LCUVNC85L52D976T | C14: Big Data - Tecninf - Fondoconoscenza | G14: 0.006400463 | H14: 0.016342593 | I14: 0.18077546 | J14: 0.099861111 | N14: 0.041481481 | P14: 0.10105324 | Q14: 0.0036921296 | AE14: 0.0021296296 | AI14: =SUM(D14:AH14) | AJ14: 0.48982639 | AK14: =AJ14-AI14 | AM14: 0.038090278
A15: MAGNANINI LORENZO | B15: MGNLNZ97M04H501T | C15: La programmazione - Tecninf - Fondoconoscenza | I15: 0.19108796 | J15: 0.12748843 | AI15: =SUM(D15:AH15) | AJ15: 0.31857639 | AK15: =AJ15-AI15
A16: MARIANI ALESSIA | B16: MRNLSS75L68H501L | C16: Big Data - Tecninf - Fondoconoscenza | I16: 0.31820602 | J16: 0.15923611 | K16: 0.06462963 | N16: 0.20925926 | P16: 0.10424769 | Q16: 0.095381944 | U16: 0.25689815 | V16: 0.051006944 | W16: 0.13597222 | X16: 0.12849537 | Y16: 0.048483796 | AB16: 0.23425926 | AC16: 0.010694444 | AD16: 0.2146875 | AF16: 0.06244213 | AI16: =SUM(D16:AH16) | AJ16: 2.0939005 | AK16: =AJ16-AI16
A17: MASCELLINO GIULIO | B17: MSCGLI83C04G511L | C17: Big Data - Tecninf - Fondoconoscenza | AI17: =SUM(D17:AH17) | AK17: =AJ17-AI17
A18: PACPACO MICHAEL DEPOLLY | B18: PCPMHL00R03H501G | C18: La programmazione - Tecninf - Fondoconoscenza | H18: 0.11987269 | I18: 0.13309028 | J18: 0.071689815 | K18: 0.049918981 | AI18: =SUM(D18:AH18) | AJ18: 0.37457176 | AK18: =AJ18-AI18
A19: PASSIO ROBERTA | B19: PSSRRT76L56H501O | C19: Sicurezza Informatica - Tecninf - Fondoconoscenza | AI19: =SUM(D19:AH19) | AK19: =AJ19-AI19
A20: PERILLA GIAN LEO GAMES | B20: PRLGLG98M18H501X | C20: Big Data - Tecninf - Fondoconoscenza | U20: 0.019594907 | V20: 0.019953704 | Y20: 0.036574074 | AB20: 0.028888889 | AC20: 0.042083333 | AE20: 0.010266204 | AF20: 0.030138889 | AI20: =SUM(D20:AH20) | AJ20: 0.20767361 | AK20: =AJ20-AI20 | AM20: 0.020173611
A21: PINNA ROBERTO CAO | B21: CPNRRT66D27H501V | C21: Project Management per il digitale - Tecninf - Fondoconoscenza | AI21: =SUM(D21:AH21) | AK21: =AJ21-AI21
A22: POGGI ROBERTO | B22: PGGRRT91H07F839Q | C22: Big Data - Tecninf - Fondoconoscenza | AI22: =SUM(D22:AH22) | AK22: =AJ22-AI22
A23: PRASAD RAKESH KUMAR | B23: PRSRSH87S19H501S | C23: Sicurezza Informatica - Tecninf - Fondoconoscenza | AI23: =SUM(D23:AH23) | AK23: =AJ23-AI23
A24: PUDDU RAIMONDO | B24: PDDRND75R08H501S | C24: Big Data - Tecninf - Fondoconoscenza | J24: 0.0084722222 | AF24: 0.015127315 | AI24: =SUM(D24:AH24) | AJ24: 0.025162037 | AK24: =AJ24-AI24 | AM24: 0.0015625
A25: RANIERI FRANCESCO | B25: RNRFNC99L28H501B | C25: La programmazione - Tecninf - Fondoconoscenza | G25: 0.080659722 | H25: 0.1562037 | K25: 0.08849537 | N25: 0.068136574 | O25: 0.072766204 | P25: 0.18259259 | U25: 0.026076389 | V25: 0.13278935 | W25: 0.027025463 | AC25: 0.07994213 | AD25: 0.060393519 | AE25: 0.019351852 | AF25: 0.090486111 | AI25: =SUM(D25:AH25) | AJ25: 1.084919 | AK25: =AJ25-AI25
A26: ROSA JEREMY DELA | B26: DLRJMY02A20H501A | C26: Big Data - Tecninf - Fondoconoscenza | J26: 0.031770833 | AC26: 0.0013541667 | AI26: =SUM(D26:AH26) | AJ26: 0.033125 | AK26: =AJ26-AI26
A27: SALPIETRO GIANLUCA | B27: SLPGLC81B17G377J | C27: Big Data - Tecninf - Fondoconoscenza | G27: 0.0084259259 | H27: 0.10959491 | I27: 0.062905093 | J27: 0.064826389 | K27: 0.031435185 | N27: 0.04181713 | O27: 0.052777778 | P27: 0.11503472 | R27: 0.095023148 | V27: 0.17752315 | X27: 0.010555556 | AB27: 0.047650463 | AE27: 0.070717593 | AI27: =SUM(D27:AH27) | AJ27: 1.0484375 | AK27: =AJ27-AI27 | AM27: 0.16015046
A28: SALVATI CARMINE | B28: SLVCMN80D14D086Z | C28: Big Data - Tecninf - Fondoconoscenza | O28: 0.055451389 | P28: 0.019328704 | Q28: 0.11577546 | R28: 0.16318287 | W28: 0.0028703704 | AI28: =SUM(D28:AH28) | AJ28: 0.35680556 | AK28: =AJ28-AI28 | AM28: 0.00019675926
A29: SAMBRINI ALESSIA | B29: SMBLSS74D47H501E | C29: Big Data - Tecninf - Fondoconoscenza | N29: 0.13234954 | AI29: =SUM(D29:AH29) | AJ29: 0.13234954 | AK29: =AJ29-AI29
A30: SAVAIANO SILVIA | B30: SVNSLV89A46H501I | C30: La programmazione - Tecninf - Fondoconoscenza | AI30: =SUM(D30:AH30) | AK30: =AJ30-AI30
A31: SCALVEDI FILIPPO | B31: SCLFPP97S05H501K | C31: Big Data - Tecninf - Fondoconoscenza | AI31: =SUM(D31:AH31) | AK31: =AJ31-AI31
A32: SCRIMIERI TIZIANO | B32: SCRTZN80A09H501I | C32: Big Data - Tecninf - Fondoconoscenza | AI32: =SUM(D32:AH32) | AK32: =AJ32-AI32
A33: STASIUC DENIS | B33: STSDNS91B05Z140T | C33: Big Data - Tecninf - Fondoconoscenza | G33: 0.041851852 | K33: 0.039837963 | N33: 0.011863426 | O33: 0.053148148 | P33: 0.11618056 | U33: 0.030266204 | W33: 0.13173611 | X33: 0.13243056 | Y33: 0.14880787 | AB33: 0.13820602 | AC33: 0.14967593 | AF33: 0.061377315 | AI33: =SUM(D33:AH33) | AJ33: 1.0553819 | AK33: =AJ33-AI33
A34: TARISCIOTTI ANDREA | B34: TRSNDR97M24H501B | C34: La programmazione - Tecninf - Fondoconoscenza | AI34: =SUM(D34:AH34) | AK34: =AJ34-AI34
A35: TOCI ANTONETA | B35: TCONNT91H59Z100O | C35: La programmazione - Tecninf - Fondoconoscenza | AI35: =SUM(D35:AH35) | AK35: =AJ35-AI35
A36: VISWANATHAN SRIDHAR | B36: VSWSDH86S22Z222H | C36: Project Management per il digitale - Tecninf - Fondoconoscenza | AI36: =SUM(D36:AH36) | AK36: =AJ36-AI36
A37: TOTALE | D37: =SUM(D4:D36) | E37: =SUM(E4:E36) | F37: =SUM(F4:F36) | G37: =SUM(G4:G36) | H37: =SUM(H4:H36) | I37: =SUM(I4:I36) | J37: =SUM(J4:J36) | K37: =SUM(K4:K36) | ... AN37: =SUM(AN4:AN36)

Sheet Giugno 2026
A1: MONITORAGGIO ORE FORMAZIONE - Giugno 2026 - TECNINF SPA
A3: Utente | B3: Codice Fiscale | C3: Percorso Formativo | D3: 1 L | E3: 2 M | F3: 3 M | G3: 4 G | H3: 5 V | I3: 6 S | J3: 7 D | K3: 8 L | L3: 9 M | M3: 10 M | N3: 11 G | O3: 12 V | P3: 13 S | Q3: 14 D | R3: 15 L | S3: 16 M | T3: 17 M | U3: 18 G | V3: 19 V | W3: 20 S | X3: 21 D | Y3: 22 L | Z3: 23 M | AA3: 24 M | AB3: 25 G | AC3: 26 V | AD3: 27 S | AE3: 28 D | AF3: 29 L | AG3: 30 M | AH3: Totale Ore Effettive | AI3: Ore Totali | AJ3: Totale Eccesso | AK3: Eccesso Weekend | AL3: Eccesso Dopo 18:00 | AM3: Eccesso Mattutino
A4: ALBA WILLIAM JULIAN PAZ | B4: PZLWLM96A16Z504F | C4: La programmazione - Tecninf - Fondoconoscenza | AH4: =SUM(D4:AG4) | AJ4: =AI4-AH4
A5: BADII ALESSANDRO | B5: BDALSN01R03H501Z | C5: Big Data - Tecninf - Fondoconoscenza | AH5: =SUM(D5:AG5) | AJ5: =AI5-AH5
A6: BADINE HICHAM | B6: BDNHHM97H19H501Q | C6: La programmazione - Tecninf - Fondoconoscenza | D6: 0.046597222 | F6: 0.029571759 | G6: 0.013344907 | K6: 0.067893519 | L6: 0.022986111 | M6: 0.065636574 | N6: 0.053298611 | R6: 0.05400463 | S6: 0.08412037 | T6: 0.07568287 | V6: 0.023252315 | Y6: 0.074548611 | Z6: 0.081168981 | AA6: 0.053043981 | AB6: 0.095659722 | AC6: 0.037905093 | AG6: 0.10805556 | AH6: =SUM(D6:AG6) | AI6: 0.99753472 | AJ6: =AI6-AH6 | AL6: 0.010763889
A7: BECIANI ANDREA | B7: BCNNDR82P16D773D | C7: La programmazione - Tecninf - Fondoconoscenza | G7: 0.036712963 | H7: 0.036828704 | K7: 0.050393519 | L7: 0.0565625 | M7: 0.042210648 | N7: 0.031111111 | O7: 0.0089236111 | R7: 0.19377315 | S7: 0.14668981 | T7: 0.22134259 | U7: 0.21688657 | V7: 0.16513889 | Y7: 0.087210648 | Z7: 0.088321759 | AA7: 0.050486111 | AB7: 0.051145833 | AC7: 0.032210648 | AH7: =SUM(D7:AG7) | AI7: 1.5703819 | AJ7: =AI7-AH7 | AL7: 0.023900463 | AM7: 0.030532407
A8: BOONTAWEE JUTATIP | B8: BNTJTP78S54Z241U | C8: Project Management per il digitale - Tecninf - Fondoconoscenza | AH8: =SUM(D8:AG8) | AJ8: =AI8-AH8
A9: BUTTINELLI GIORGIA | B9: BTTGRG97S59G274Q | C9: Big Data - Tecninf - Fondoconoscenza | AA9: 0.025208333 | AH9: =SUM(D9:AG9) | AI9: 0.025208333 | AJ9: =AI9-AH9
A10: CARABLUT VICTOR | B10: CRBVTR94A11Z140B | C10: Sicurezza Informatica - Tecninf - Fondoconoscenza | AH10: =SUM(D10:AG10) | AJ10: =AI10-AH10
A11: CECCONI ANTHONY | B11: CCCNHN91D19H501W | C11: La programmazione - Tecninf - Fondoconoscenza | G11: 0.079027778 | H11: 0.017592593 | N11: 0.035706019 | O11: 0.058784722 | S11: 0.084733796 | AA11: 0.041875 | AH11: =SUM(D11:AG11) | AI11: 0.32099537 | AJ11: =AI11-AH11 | AL11: 0.003275463
A12: CHIARA GOBBI MARIA | B12: GBBMCH73R57H501G | C12: L'ufficio digitale - Tecninf - Fondoconoscenza | N12: 0.0068981481 | O12: 0.1950463 | T12: 0.15332176 | V12: 0.15365741 | Z12: 0.088587963 | AA12: 0.22584491 | AB12: 0.20587963 | AC12: 0.20991898 | AH12: =SUM(D12:AG12) | AI12: 1.2391551 | AJ12: =AI12-AH12
A13: LIMETTI ION | B13: LMTNIO94M03Z129S | C13: Big Data - Tecninf - Fondoconoscenza | F13: 0.27047454 | G13: 0.25986111 | H13: 0.17310185 | M13: 0.12840278 | R13: 0.14505787 | S13: 0.16341435 | T13: 0.12736111 | U13: 0.12148148 | V13: 0.17849537 | Z13: 0.11483796 | AA13: 0.054537037 | AB13: 0.052395833 | AC13: 0.080740741 | AG13: 0.15377315 | AH13: =SUM(D13:AG13) | AI13: 2.0287616 | AJ13: =AI13-AH13 | AL13: 0.0048263889
A14: LUCA' VERONICA | B14: LCUVNC85L52D976T | C14: Big Data - Tecninf - Fondoconoscenza | D14: 0.083321759 | F14: 0.057708333 | G14: 0.016423611 | H14: 0.044664352 | K14: 0.0052199074 | L14: 0.021516204 | M14: 0.12064815 | N14: 0.13988426 | O14: 0.019849537 | R14: 0.094050926 | S14: 0.12487269 | AH14: =SUM(D14:AG14) | AI14: 0.811875 | AJ14: =AI14-AH14 | AL14: 0.083715278
A15: MAGNANINI LORENZO | B15: MGNLNZ97M04H501T | C15: La programmazione - Tecninf - Fondoconoscenza | AH15: =SUM(D15:AG15) | AJ15: =AI15-AH15
A16: MARIANI ALESSIA | B16: MRNLSS75L68H501L | C16: Big Data - Tecninf - Fondoconoscenza | F16: 0.045092593 | G16: 0.088240741 | H16: 0.15946759 | K16: 0.21587963 | L16: 0.1278125 | R16: 0.072835648 | T16: 0.032199074 | AH16: =SUM(D16:AG16) | AI16: 0.74152778 | AJ16: =AI16-AH16
A17: MASCELLINO GIULIO | B17: MSCGLI83C04G511L | C17: Big Data - Tecninf - Fondoconoscenza | AH17: =SUM(D17:AG17) | AJ17: =AI17-AH17
A18: PACPACO MICHAEL DEPOLLY | B18: PCPMHL00R03H501G | C18: La programmazione - Tecninf - Fondoconoscenza | Y18: 0.089965278 | AH18: =SUM(D18:AG18) | AI18: 0.089965278 | AJ18: =AI18-AH18
A19: PASSIO ROBERTA | B19: PSSRRT76L56H501O | C19: Sicurezza Informatica - Tecninf - Fondoconoscenza | O19: 0.1509375 | R19: 0.17362269 | S19: 0.2043287 | U19: 0.19282407 | V19: 0.19471065 | Y19: 0.16527778 | AA19: 0.19482639 | AB19: 0.16946759 | AC19: 0.12728009 | AH19: =SUM(D19:AG19) | AI19: 1.5732755 | AJ19: =AI19-AH19
A20: PERILLA GIAN LEO GAMES | B20: PRLGLG98M18H501X | C20: Big Data - Tecninf - Fondoconoscenza | AH20: =SUM(D20:AG20) | AJ20: =AI20-AH20
A21: PINNA ROBERTO CAO | B21: CPNRRT66D27H501V | C21: Project Management per il digitale - Tecninf - Fondoconoscenza | AH21: =SUM(D21:AG21) | AJ21: =AI21-AH21
A22: POGGI ROBERTO | B22: PGGRRT91H07F839Q | C22: Big Data - Tecninf - Fondoconoscenza | AH22: =SUM(D22:AG22) | AJ22: =AI22-AH22
A23: PRASAD RAKESH KUMAR | B23: PRSRSH87S19H501S | C23: Sicurezza Informatica - Tecninf - Fondoconoscenza | AH23: =SUM(D23:AG23) | AJ23: =AI23-AH23
A24: PUDDU RAIMONDO | B24: PDDRND75R08H501S | C24: Big Data - Tecninf - Fondoconoscenza | D24: 0.036944444 | AH24: =SUM(D24:AG24) | AI24: 0.036944444 | AJ24: =AI24-AH24
A25: RANIERI FRANCESCO | B25: RNRFNC99L28H501B | C25: La programmazione - Tecninf - Fondoconoscenza | F25: 0.035416667 | K25: 0.086898148 | R25: 0.054282407 | AH25: =SUM(D25:AG25) | AI25: 0.17659722 | AJ25: =AI25-AH25
A26: ROSA JEREMY DELA | B26: DLRJMY02A20H501A | C26: Big Data - Tecninf - Fondoconoscenza | F26: 0.0050347222 | H26: 0.021342593 | AH26: =SUM(D26:AG26) | AI26: 0.026377315 | AJ26: =AI26-AH26
A27: SALPIETRO GIANLUCA | B27: SLPGLC81B17G377J | C27: Big Data - Tecninf - Fondoconoscenza | D27: 0.10994213 | H27: 0.043078704 | L27: 0.079849537 | M27: 0.095601852 | V27: 0.068206019 | AC27: 0.17712963 | AG27: 0.088414352 | AH27: =SUM(D27:AG27) | AI27: 0.66474537 | AJ27: =AI27-AH27 | AL27: 0.0025231481
A28: SALVATI CARMINE | B28: SLVCMN80D14D086Z | C28: Big Data - Tecninf - Fondoconoscenza | F28: 0.0028356481 | AH28: =SUM(D28:AG28) | AI28: 0.0028356481 | AJ28: =AI28-AH28
A29: SAMBRINI ALESSIA | B29: SMBLSS74D47H501E | C29: Big Data - Tecninf - Fondoconoscenza | D29: 0.11064815 | K29: 0.038888889 | T29: 0.023587963 | AH29: =SUM(D29:AG29) | AI29: 0.173125 | AJ29: =AI29-AH29
A30: SAVAIANO SILVIA | B30: SVNSLV89A46H501I | C30: La programmazione - Tecninf - Fondoconoscenza | AH30: =SUM(D30:AG30) | AJ30: =AI30-AH30
A31: SCALVEDI FILIPPO | B31: SCLFPP97S05H501K | C31: Big Data - Tecninf - Fondoconoscenza | AH31: =SUM(D31:AG31) | AJ31: =AI31-AH31
A32: SCRIMIERI TIZIANO | B32: SCRTZN80A09H501I | C32: Big Data - Tecninf - Fondoconoscenza | AH32: =SUM(D32:AG32) | AJ32: =AI32-AH32
A33: STASIUC DENIS | B33: STSDNS91B05Z140T | C33: Big Data - Tecninf - Fondoconoscenza | F33: 0.17072917 | G33: 0.13046296 | H33: 0.10828704 | K33: 0.035439815 | M33: 0.097789352 | O33: 0.071909722 | Z33: 0.17481481 | AA33: 0.03630787 | AB33: 0.17711806 | AG33: 0.11961806 | AH33: =SUM(D33:AG33) | AI33: 1.1263657 | AJ33: =AI33-AH33 | AL33: 0.0038888889
A34: TARISCIOTTI ANDREA | B34: TRSNDR97M24H501B | C34: La programmazione - Tecninf - Fondoconoscenza | M34: 0.026516204 | N34: 0.030694444 | O34: 0.047256944 | AH34: =SUM(D34:AG34) | AI34: 0.10446759 | AJ34: =AI34-AH34
A35: TOCI ANTONETA | B35: TCONNT91H59Z100O | C35: La programmazione - Tecninf - Fondoconoscenza | AH35: =SUM(D35:AG35) | AJ35: =AI35-AH35
A36: VISWANATHAN SRIDHAR | B36: VSWSDH86S22Z222H | C36: Project Management per il digitale - Tecninf - Fondoconoscenza | AH36: =SUM(D36:AG36) | AJ36: =AI36-AH36
A37: TOTALE | D37: =SUM(D4:D36) | E37: =SUM(E4:E36) | F37: =SUM(F4:F36) | G37: =SUM(G4:G36) | H37: =SUM(H4:H36) | I37: =SUM(I4:I36) | J37: =SUM(J4:J36) | K37: =SUM(K4:K36) | ... AM37: =SUM(AM4:AM36)

Sheet Luglio 2026
A1: MONITORAGGIO ORE FORMAZIONE - Luglio 2026 - TECNINF SPA
A3: Utente | B3: Codice Fiscale | C3: Percorso Formativo | D3: 1 M | E3: 2 G | F3: 3 V | G3: 4 S | H3: 5 D | I3: 6 L | J3: 7 M | K3: 8 M | L3: 9 G | M3: 10 V | N3: 11 S | O3: 12 D | P3: 13 L | Q3: 14 M | R3: 15 M | S3: 16 G | T3: 17 V | U3: 18 S | V3: 19 D | W3: 20 L | X3: 21 M | Y3: 22 M | Z3: 23 G | AA3: 24 V | AB3: 25 S | AC3: 26 D | AD3: 27 L | AE3: 28 M | AF3: 29 M | AG3: 30 G | AH3: 31 V | AI3: Totale Ore Effettive | AJ3: Ore Totali | AK3: Totale Eccesso | AL3: Eccesso Weekend | AM3: Eccesso Dopo 18:00 | AN3: Eccesso Mattutino
A4: ALBA WILLIAM JULIAN PAZ | B4: PZLWLM96A16Z504F | C4: La programmazione - Tecninf - Fondoconoscenza | AI4: =SUM(D4:AH4) | AK4: =AJ4-AI4
A5: BADII ALESSANDRO | B5: BDALSN01R03H501Z | C5: Big Data - Tecninf - Fondoconoscenza | Q5: 0.21717593 | R5: 0.028923611 | S5: 0.14787037 | T5: 0.22447917 | W5: 0.11744213 | X5: 0.20175926 | Y5: 0.21734954 | Z5: 0.25539352 | AA5: 0.19372685 | AD5: 0.20284722 | AE5: 0.21731481 | AF5: 0.16135417 | AG5: 0.21164352 | AH5: 0.19884259 | AI5: =SUM(D5:AH5) | AJ5: 2.6264352 | AK5: =AJ5-AI5 | AM5: 0.0303125
A6: BADINE HICHAM | B6: BDNHHM97H19H501Q | C6: La programmazione - Tecninf - Fondoconoscenza | D6: 0.092291667 | E6: 0.0085185185 | F6: 0.057708333 | I6: 0.14106481 | J6: 0.12278935 | M6: 0.041469907 | R6: 0.032349537 | S6: 0.082013889 | T6: 0.030069444 | W6: 0.067210648 | X6: 0.083310185 | Y6: 0.077650463 | Z6: 0.049409722 | AB6: 0 | AC6: 0 | AI6: =SUM(D6:AH6) | AJ6: 0.98292824 | AK6: =AJ6-AI6 | AL6: 0.092847222 | AM6: 0.004224537
A7: BECIANI ANDREA | B7: BCNNDR82P16D773D | C7: La programmazione - Tecninf - Fondoconoscenza | AI7: =SUM(D7:AH7) | AK7: =AJ7-AI7
A8: BOONTAWEE JUTATIP | B8: BNTJTP78S54Z241U | C8: Project Management per il digitale - Tecninf - Fondoconoscenza | AI8: =SUM(D8:AH8) | AK8: =AJ8-AI8
A9: BUTTINELLI GIORGIA | B9: BTTGRG97S59G274Q | C9: Big Data - Tecninf - Fondoconoscenza | I9: 0.064606481 | J9: 0.026909722 | K9: 0.11226852 | Q9: 0.10458333 | R9: 0.1959375 | S9: 0.1325463 | W9: 0.080856481 | X9: 0.081712963 | Y9: 0.22802083 | Z9: 0.22392361 | AA9: 0.2809838 | AD9: 0.19402778 | AE9: 0.1758912 | AF9: 0.26671296 | AG9: 0.10622685 | AI9: =SUM(D9:AH9) | AJ9: 2.3167708 | AK9: =AJ9-AI9 | AM9: 0.0415625
A10: CARABLUT VICTOR | B10: CRBVTR94A11Z140B | C10: Sicurezza Informatica - Tecninf - Fondoconoscenza | P10: 0.044016204 | Q10: 0.19009259 | R10: 0.22828704 | S10: 0.25875 | T10: 0.092534722 | W10: 0.089814815 | X10: 0.12358796 | Y10: 0.11181713 | Z10: 0.12299769 | AA10: 0.21799769 | AD10: 0.18361111 | AE10: 0.2128125 | AF10: 0.18305556 | AH10: 0.17262731 | AI10: =SUM(D10:AH10) | AJ10: 2.2320023 | AK10: =AJ10-AI10
A11: CECCONI ANTHONY | B11: CCCNHN91D19H501W | C11: La programmazione - Tecninf - Fondoconoscenza | I11: 0.082847222 | J11: 0.034803241 | L11: 0.070393519 | P11: 0.15053241 | Q11: 0.047395833 | S11: 0.045023148 | T11: 0.02537037 | W11: 0.079849537 | Y11: 0.11952546 | Z11: 0.052002315 | AD11: 0.18881944 | AI11: =SUM(D11:AH11) | AJ11: 0.8965625 | AK11: =AJ11-AI11
A12: CHIARA GOBBI MARIA | B12: GBBMCH73R57H501G | C12: L'ufficio digitale - Tecninf - Fondoconoscenza | D12: 0.18333333 | E12: 0.17106481 | F12: 0.15559028 | I12: 0.17766204 | K12: 0.1087963 | L12: 0.081296296 | M12: 0.081319444 | Q12: 0.034756944 | R12: 0.12390046 | S12: 0.10600694 | T12: 0.20305556 | AI12: =SUM(D12:AH12) | AJ12: 1.4267824 | AK12: =AJ12-AI12
A13: LIMETTI ION | B13: LMTNIO94M03Z129S | C13: Big Data - Tecninf - Fondoconoscenza | D13: 0.19238426 | E13: 0.19636574 | F13: 0.17726852 | I13: 0.089247685 | J13: 0.053043981 | K13: 0.1006713 | L13: 0.11034722 | M13: 0.074675926 | P13: 0.22833333 | Q13: 0.25996528 | R13: 0.086724537 | S13: 0.0409375 | T13: 0.12201389 | W13: 0.23864583 | X13: 0.2143287 | Y13: 0.22028935 | Z13: 0.10482639 | AA13: 0.10625 | AD13: 0.12579861 | AE13: 0.1153588 | AF13: 0.033541667 | AG13: 0.016678241 | AH13: 0.03875 | AI13: =SUM(D13:AH13) | AJ13: 2.9589699 | AK13: =AJ13-AI13 | AM13: 0.012523148
A14: LUCA' VERONICA | B14: LCUVNC85L52D976T | C14: Big Data - Tecninf - Fondoconoscenza | AI14: =SUM(D14:AH14) | AK14: =AJ14-AI14
A15: MAGNANINI LORENZO | B15: MGNLNZ97M04H501T | C15: La programmazione - Tecninf - Fondoconoscenza | AI15: =SUM(D15:AH15) | AK15: =AJ15-AI15
A16: MARIANI ALESSIA | B16: MRNLSS75L68H501L | C16: Big Data - Tecninf - Fondoconoscenza | I16: 0.054710648 | L16: 0.11091435 | M16: 0.23868056 | P16: 0.22622685 | X16: 0.023888889 | Y16: 0.1106713 | Z16: 0.10900463 | AA16: 0.11019676 | AI16: =SUM(D16:AH16) | AJ16: 0.98429398 | AK16: =AJ16-AI16
A17: MASCELLINO GIULIO | B17: MSCGLI83C04G511L | C17: Big Data - Tecninf - Fondoconoscenza | AI17: =SUM(D17:AH17) | AK17: =AJ17-AI17
A18: PACPACO MICHAEL DEPOLLY | B18: PCPMHL00R03H501G | C18: La programmazione - Tecninf - Fondoconoscenza | P18: 0.10881944 | R18: 0.055925926 | S18: 0.014699074 | T18: 0.12783565 | W18: 0.01943287 | Y18: 0.049409722 | Z18: 0.020023148 | AD18: 0.014398148 | AE18: 0.049351852 | AF18: 0.01255787 | AG18: 0.11869213 | AH18: 0.068530093 | AI18: =SUM(D18:AH18) | AJ18: 0.65967593 | AK18: =AJ18-AI18
A19: PASSIO ROBERTA | B19: PSSRRT76L56H501O | C19: Sicurezza Informatica - Tecninf - Fondoconoscenza | D19: 0.026828704 | E19: 0.064768519 | I19: 0.15565972 | J19: 0.13746528 | K19: 0.11905093 | L19: 0.16621528 | M19: 0.20123843 | P19: 0.21059028 | Q19: 0.2105787 | X19: 0.19534722 | Y19: 0.060706019 | Z19: 0.19915509 | AA19: 0.21770833 | AD19: 0.22758102 | AE19: 0.20693287 | AF19: 0.19077546 | AG19: 0.19519676 | AH19: 0.22295139 | AI19: =SUM(D19:AH19) | AJ19: 3.00875 | AK19: =AJ19-AI19
A20: PERILLA GIAN LEO GAMES | B20: PRLGLG98M18H501X | C20: Big Data - Tecninf - Fondoconoscenza | AI20: =SUM(D20:AH20) | AK20: =AJ20-AI20
A21: PINNA ROBERTO CAO | B21: CPNRRT66D27H501V | C21: Project Management per il digitale - Tecninf - Fondoconoscenza | AI21: =SUM(D21:AH21) | AK21: =AJ21-AI21
A22: POGGI ROBERTO | B22: PGGRRT91H07F839Q | C22: Big Data - Tecninf - Fondoconoscenza | AI22: =SUM(D22:AH22) | AK22: =AJ22-AI22
A23: PRASAD RAKESH KUMAR | B23: PRSRSH87S19H501S | C23: Sicurezza Informatica - Tecninf - Fondoconoscenza | AI23: =SUM(D23:AH23) | AK23: =AJ23-AI23
A24: PUDDU RAIMONDO | B24: PDDRND75R08H501S | C24: Big Data - Tecninf - Fondoconoscenza | K24: 0.030729167 | X24: 0.026990741 | Y24: 0.035196759 | Z24: 0.033587963 | AE24: 0.022418981 | AG24: 0.016053241 | AH24: 0.067916667 | AI24: =SUM(D24:AH24) | AJ24: 0.23289352 | AK24: =AJ24-AI24
A25: RANIERI FRANCESCO | B25: RNRFNC99L28H501B | C25: La programmazione - Tecninf - Fondoconoscenza | I25: 0.16546296 | P25: 0.16982639 | Y25: 0.10534722 | AI25: =SUM(D25:AH25) | AJ25: 0.44063657 | AK25: =AJ25-AI25
A26: ROSA JEREMY DELA | B26: DLRJMY02A20H501A | C26: Big Data - Tecninf - Fondoconoscenza | X26: 0.021423611 | AE26: 0.040266204 | AI26: =SUM(D26:AH26) | AJ26: 0.061689815 | AK26: =AJ26-AI26
A27: SALPIETRO GIANLUCA | B27: SLPGLC81B17G377J | C27: Big Data - Tecninf - Fondoconoscenza | J27: 0.18465278 | L27: 0.13113426 | P27: 0.10997685 | Q27: 0.1899537 | R27: 0.031863426 | S27: 0.12128472 | W27: 0.15998843 | X27: 0.051921296 | Y27: 0.035740741 | Z27: 0.15525463 | AA27: 0.028831019 | AD27: 0.092488426 | AE27: 0.041631944 | AF27: 0.15480324 | AG27: 0.050636574 | AI27: =SUM(D27:AH27) | AJ27: 1.5433449 | AK27: =AJ27-AI27 | AM27: 0.0031828704
A28: SALVATI CARMINE | B28: SLVCMN80D14D086Z | C28: Big Data - Tecninf - Fondoconoscenza | P28: 0.050405093 | Q28: 0.14725694 | R28: 0.18199074 | S28: 0.12762731 | T28: 0.083020833 | W28: 0.2375463 | X28: 0.1968287 | Y28: 0.21194444 | Z28: 0.19162037 | AA28: 0.10510417 | AD28: 0.13681713 | AE28: 0.0019212963 | AF28: 0.073912037 | AG28: 0.12471065 | AH28: 0.10079861 | AI28: =SUM(D28:AH28) | AJ28: 1.9715046 | AK28: =AJ28-AI28
A29: SAMBRINI ALESSIA | B29: SMBLSS74D47H501E | C29: Big Data - Tecninf - Fondoconoscenza | AD29: 0.10571759 | AG29: 0.12034722 | AI29: =SUM(D29:AH29) | AJ29: 0.22614583 | AK29: =AJ29-AI29 | AM29: 8.1018519e-05
A30: SAVAIANO SILVIA | B30: SVNSLV89A46H501I | C30: La programmazione - Tecninf - Fondoconoscenza | AA30: 0.10731481 | AD30: 0.14291667 | AE30: 0.21931713 | AF30: 0.20296296 | AG30: 0.06119213 | AH30: 0.1384838 | AI30: =SUM(D30:AH30) | AJ30: 0.89829861 | AK30: =AJ30-AI30 | AM30: 0.026111111
A31: SCALVEDI FILIPPO | B31: SCLFPP97S05H501K | C31: Big Data - Tecninf - Fondoconoscenza | S31: 0.021157407 | AI31: =SUM(D31:AH31) | AJ31: 0.021157407 | AK31: =AJ31-AI31
A32: SCRIMIERI TIZIANO | B32: SCRTZN80A09H501I | C32: Big Data - Tecninf - Fondoconoscenza | AI32: =SUM(D32:AH32) | AK32: =AJ32-AI32
A33: STASIUC DENIS | B33: STSDNS91B05Z140T | C33: Big Data - Tecninf - Fondoconoscenza | D33: 0.015891204 | E33: 0.12297454 | F33: 0.099178241 | I33: 0.046666667 | J33: 0.057951389 | K33: 0.12916667 | L33: 0.16771991 | M33: 0.10395833 | P33: 0.1090162 | Q33: 0.14458333 | R33: 0.13498843 | T33: 0.14212963 | W33: 0.12618056 | X33: 0.029201389 | Y33: 0.13451389 | Z33: 0.13640046 | AA33: 0.22122685 | AE33: 0.073703704 | AF33: 0.12403935 | AG33: 0.12576389 | AH33: 0.13275463 | AI33: =SUM(D33:AH33) | AJ33: 2.3816319 | AK33: =AJ33-AI33 | AM33: 0.0036226852
A34: TARISCIOTTI ANDREA | B34: TRSNDR97M24H501B | C34: La programmazione - Tecninf - Fondoconoscenza | AI34: =SUM(D34:AH34) | AK34: =AJ34-AI34
A35: TOCI ANTONETA | B35: TCONNT91H59Z100O | C35: La programmazione - Tecninf - Fondoconoscenza | AI35: =SUM(D35:AH35) | AK35: =AJ35-AI35
A36: VISWANATHAN SRIDHAR | B36: VSWSDH86S22Z222H | C36: Project Management per il digitale - Tecninf - Fondoconoscenza | P36: 0.023206019 | Q36: 0.19561343 | R36: 0.28069444 | S36: 0.16425926 | T36: 0.2434375 | W36: 0.20708333 | X36: 0.24717593 | Y36: 0.16596065 | Z36: 0.30993056 | AA36: 0.28015046 | AD36: 0.19106481 | AE36: 0.20009259 | AF36: 0.30649306 | AG36: 0.26256944 | AH36: 0.33333333 | AI36: =SUM(D36:AH36) | AJ36: 3.4149884 | AK36: =AJ36-AI36 | AM36: 0.00012731481
A37: TOTALE | D37: =SUM(D4:D36) | E37: =SUM(E4:E36) | F37: =SUM(F4:F36) | G37: =SUM(G4:G36) | H37: =SUM(H4:H36) | I37: =SUM(I4:I36) | J37: =SUM(J4:J36) | K37: =SUM(K4:K36) | ... AN37: =SUM(AN4:AN36)

Sheet Agosto 2026
A1: MONITORAGGIO ORE FORMAZIONE - Agosto 2026 - TECNINF SPA
A3: Utente | B3: Codice Fiscale | C3: Percorso Formativo | D3: 1 S | E3: 2 D | F3: 3 L | G3: 4 M | H3: 5 M | I3: 6 G | J3: 7 V | K3: 8 S | L3: 9 D | M3: 10 L | N3: 11 M | O3: 12 M | P3: 13 G | Q3: 14 V | R3: 15 S | S3: 16 D | T3: 17 L | U3: 18 M | V3: 19 M | W3: 20 G | X3: 21 V | Y3: 22 S | Z3: 23 D | AA3: 24 L | AB3: 25 M | AC3: 26 M | AD3: 27 G | AE3: 28 V | AF3: 29 S | AG3: 30 D | AH3: 31 L | AI3: Totale Ore Effettive | AJ3: Ore Totali | AK3: Totale Eccesso | AL3: Eccesso Weekend | AM3: Eccesso Dopo 18:00 | AN3: Eccesso Mattutino
A4: ALBA WILLIAM JULIAN PAZ | B4: PZLWLM96A16Z504F | C4: La programmazione - Tecninf - Fondoconoscenza | G4: 0.056747685 | H4: 0.061886574 | N4: 0.012083333 | V4: 0.0010069444 | X4: 0.002962963 | AC4: 0.00013888889 | AE4: 0.0011226852 | AI4: =SUM(D4:AH4) | AJ4: 0.13594907 | AK4: =AJ4-AI4
A5: BADII ALESSANDRO | B5: BDALSN01R03H501Z | C5: Big Data - Tecninf - Fondoconoscenza | F5: 0.26916667 | G5: 0.16929398 | H5: 0.11888889 | I5: 0.1080787 | J5: 0.088171296 | M5: 0.13769676 | N5: 0.093877315 | O5: 0.047743056 | P5: 0.080844907 | Q5: 0.11693287 | T5: 0.11521991 | U5: 0.088287037 | V5: 0.0049305556 | AI5: =SUM(D5:AH5) | AJ5: 1.4433449 | AK5: =AJ5-AI5 | AM5: 0.004212963
A6: BADINE HICHAM | B6: BDNHHM97H19H501Q | C6: La programmazione - Tecninf - Fondoconoscenza | F6: 0.019201389 | G6: 0.088078704 | H6: 0.0796875 | I6: 0.0525 | J6: 0.019502315 | N6: 0.052199074 | AA6: 0.0044212963 | AB6: 0.016469907 | AC6: 0.04337963 | AD6: 0.065949074 | AE6: 0.034039352 | AH6: 0.011631944 | AI6: =SUM(D6:AH6) | AJ6: 0.54978009 | AK6: =AJ6-AI6 | AM6: 0.062719907
A7: BECIANI ANDREA | B7: BCNNDR82P16D773D | C7: La programmazione - Tecninf - Fondoconoscenza | X7: 0.061111111 | AA7: 0.19925926 | AB7: 0.16357639 | AC7: 0.22122685 | AI7: =SUM(D7:AH7) | AJ7: 0.65210648 | AK7: =AJ7-AI7 | AM7: 0.0066435185 | AN7: 0.00028935185
A8: BOONTAWEE JUTATIP | B8: BNTJTP78S54Z241U | C8: Project Management per il digitale - Tecninf - Fondoconoscenza | X8: 0.21724537 | AA8: 0.18986111 | AB8: 0.092013889 | AC8: 0.17957176 | AD8: 0.18611111 | AE8: 0.20216435 | AH8: 0.18716435 | AI8: =SUM(D8:AH8) | AJ8: 1.2541319 | AK8: =AJ8-AI8
A9: BUTTINELLI GIORGIA | B9: BTTGRG97S59G274Q | C9: Big Data - Tecninf - Fondoconoscenza | T9: 0.22517361 | U9: 0.25078704 | V9: 0.16579861 | W9: 0.22252315 | X9: 0.20987269 | AB9: 0.24237269 | AC9: 0.17501157 | AE9: 0.2633912 | AH9: 0.23451389 | AI9: =SUM(D9:AH9) | AJ9: 1.9974653 | AK9: =AJ9-AI9 | AM9: 0.0080208333
A10: CARABLUT VICTOR | B10: CRBVTR94A11Z140B | C10: Sicurezza Informatica - Tecninf - Fondoconoscenza | F10: 0.19155093 | G10: 0.18927083 | H10: 0.14738426 | I10: 0.10686343 | J10: 0.10962963 | N10: 0.14851852 | O10: 0.061469907 | Q10: 0.12746528 | T10: 0.16528935 | U10: 0.15665509 | V10: 0.16167824 | W10: 0.15289352 | X10: 0.1552662 | AA10: 0.098657407 | AC10: 0.095555556 | AD10: 0.13645833 | AE10: 0.21612269 | AI10: =SUM(D10:AH10) | AJ10: 2.4207292 | AK10: =AJ10-AI10
A11: CECCONI ANTHONY | B11: CCCNHN91D19H501W | C11: La programmazione - Tecninf - Fondoconoscenza | F11: 0.056273148 | P11: 0.0061805556 | R11: 0 | S11: 0 | T11: 0.12508102 | U11: 0 | Y11: 0 | AA11: 0.11237269 | AB11: 0.11488426 | AC11: 0.22561343 | AD11: 0.14951389 | AE11: 0.33333333 | AH11: 0.14612269 | AI11: =SUM(D11:AH11) | AJ11: 1.735081 | AK11: =AJ11-AI11 | AL11: 0.32193287 | AM11: 0.12427083
A12: CHIARA GOBBI MARIA | B12: GBBMCH73R57H501G | C12: L'ufficio digitale - Tecninf - Fondoconoscenza | F12: 0.056458333 | H12: 0.13137731 | I12: 0.14835648 | J12: 0.10471065 | T12: 0.091365741 | U12: 0.1565625 | V12: 0.18335648 | W12: 0.18439815 | X12: 0.2184375 | AA12: 0.14483796 | AB12: 0.068576389 | AC12: 0.1850463 | AD12: 0.054016204 | AE12: 0.14114583 | AH12: 0.16289352 | AI12: =SUM(D12:AH12) | AJ12: 2.0315394 | AK12: =AJ12-AI12
A13: LIMETTI ION | B13: LMTNIO94M03Z129S | C13: Big Data - Tecninf - Fondoconoscenza | G13: 0.039201389 | H13: 0.13112269 | I13: 0.15604167 | AI13: =SUM(D13:AH13) | AJ13: 0.32636574 | AK13: =AJ13-AI13
A14: LUCA' VERONICA | B14: LCUVNC85L52D976T | C14: Big Data - Tecninf - Fondoconoscenza | AI14: =SUM(D14:AH14) | AK14: =AJ14-AI14
A15: MAGNANINI LORENZO | B15: MGNLNZ97M04H501T | C15: La programmazione - Tecninf - Fondoconoscenza | G15: 0.089456019 | H15: 0.12853009 | I15: 0.16555556 | J15: 0.085462963 | N15: 0.077430556 | O15: 0.018657407 | P15: 0.043263889 | Q15: 0.022280093 | AC15: 0.11836806 | AD15: 0.066574074 | AE15: 0.0087037037 | AH15: 0.034270833 | AI15: =SUM(D15:AH15) | AJ15: 0.85855324 | AK15: =AJ15-AI15
A16: MARIANI ALESSIA | B16: MRNLSS75L68H501L | C16: Big Data - Tecninf - Fondoconoscenza | J16: 0.13912037 | N16: 0.15797454 | O16: 0.20309028 | P16: 0.21907407 | Q16: 0.128125 | U16: 0.18241898 | V16: 0.20636574 | X16: 0.15717593 | AB16: 0.16236111 | AC16: 0.10886574 | AI16: =SUM(D16:AH16) | AJ16: 1.6645718 | AK16: =AJ16-AI16
A17: MASCELLINO GIULIO | B17: MSCGLI83C04G511L | C17: Big Data - Tecninf - Fondoconoscenza | AI17: =SUM(D17:AH17) | AK17: =AJ17-AI17
A18: PACPACO MICHAEL DEPOLLY | B18: PCPMHL00R03H501G | C18: La programmazione - Tecninf - Fondoconoscenza | H18: 0.036319444 | J18: 0.056273148 | M18: 0.070462963 | N18: 0.033576389 | O18: 0.073194444 | P18: 0.019247685 | Q18: 0.049513889 | T18: 0.18596065 | U18: 0.083668981 | V18: 0.091076389 | W18: 0.10773148 | X18: 0.048622685 | AA18: 0.14604167 | AB18: 0.054166667 | AD18: 0.0621875 | AE18: 0.12641204 | AH18: 0.16100694 | AI18: =SUM(D18:AH18) | AJ18: 1.405463 | AK18: =AJ18-AI18
A19: PASSIO ROBERTA | B19: PSSRRT76L56H501O | C19: Sicurezza Informatica - Tecninf - Fondoconoscenza | F19: 0.19344907 | G19: 0.22101852 | H19: 0.22501157 | I19: 0.15599537 | J19: 0.17383102 | AI19: =SUM(D19:AH19) | AJ19: 0.96930556 | AK19: =AJ19-AI19
A20: PERILLA GIAN LEO GAMES | B20: PRLGLG98M18H501X | C20: Big Data - Tecninf - Fondoconoscenza | I20: 0.074166667 | J20: 0.10200231 | M20: 0.050092593 | N20: 0.029895833 | O20: 0.071805556 | P20: 0.010034722 | AB20: 0.038668981 | AC20: 0.050856481 | AD20: 0.037835648 | AE20: 0.0091203704 | AH20: 0.0089236111 | AI20: =SUM(D20:AH20) | AJ20: 0.50969907 | AK20: =AJ20-AI20 | AM20: 0.026296296
A21: PINNA ROBERTO CAO | B21: CPNRRT66D27H501V | C21: Project Management per il digitale - Tecninf - Fondoconoscenza | X21: 0.08125 | AA21: 0.059571759 | AB21: 0.038819444 | AI21: =SUM(D21:AH21) | AJ21: 0.1796412 | AK21: =AJ21-AI21
A22: POGGI ROBERTO | B22: PGGRRT91H07F839Q | C22: Big Data - Tecninf - Fondoconoscenza | O22: 0.14702546 | P22: 0.074583333 | Q22: 0.12255787 | T22: 0.22263889 | U22: 0.089953704 | AI22: =SUM(D22:AH22) | AJ22: 0.67152778 | AK22: =AJ22-AI22 | AM22: 0.014768519
A23: PRASAD RAKESH KUMAR | B23: PRSRSH87S19H501S | C23: Sicurezza Informatica - Tecninf - Fondoconoscenza | AI23: =SUM(D23:AH23) | AK23: =AJ23-AI23
A24: PUDDU RAIMONDO | B24: PDDRND75R08H501S | C24: Big Data - Tecninf - Fondoconoscenza | M24: 0.060034722 | N24: 0.093171296 | O24: 0.0090393519 | P24: 0.093645833 | Q24: 0.019699074 | T24: 0.065416667 | U24: 0.11497685 | V24: 0.082743056 | W24: 0.14497685 | X24: 0.14541667 | AA24: 0.093912037 | AB24: 0.090289352 | AC24: 0.090810185 | AD24: 0.16159722 | AE24: 0.085081019 | AH24: 0.07193287 | AI24: =SUM(D24:AH24) | AJ24: 1.4281481 | AK24: =AJ24-AI24 | AM24: 0.0054050926
A25: RANIERI FRANCESCO | B25: RNRFNC99L28H501B | C25: La programmazione - Tecninf - Fondoconoscenza | M25: 0.14575231 | P25: 0.097789352 | Q25: 0.04349537 | V25: 0.12060185 | W25: 0.11248843 | X25: 0.056122685 | AA25: 0.18761574 | AB25: 0.1169213 | AC25: 0.12722222 | AD25: 0.13137731 | AE25: 0.22171296 | AH25: 0.063136574 | AI25: =SUM(D25:AH25) | AJ25: 1.4539468 | AK25: =AJ25-AI25 | AM25: 0.029710648
A26: ROSA JEREMY DELA | B26: DLRJMY02A20H501A | C26: Big Data - Tecninf - Fondoconoscenza | F26: 0.042013889 | AI26: =SUM(D26:AH26) | AJ26: 0.042013889 | AK26: =AJ26-AI26
A27: SALPIETRO GIANLUCA | B27: SLPGLC81B17G377J | C27: Big Data - Tecninf - Fondoconoscenza | H27: 0.089722222 | I27: 0.1762963 | J27: 0.18326389 | M27: 0.18304398 | N27: 0.082280093 | O27: 0.1080787 | P27: 0.11020833 | Q27: 0.014502315 | AI27: =SUM(D27:AH27) | AJ27: 0.96365741 | AK27: =AJ27-AI27 | AM27: 0.016261574
A28: SALVATI CARMINE | B28: SLVCMN80D14D086Z | C28: Big Data - Tecninf - Fondoconoscenza | T28: 0.14798611 | U28: 0.16782407 | V28: 0.20109954 | W28: 0.15621528 | X28: 0.13423611 | AA28: 0.12451389 | AB28: 0.084976852 | AC28: 0.099027778 | AD28: 0.16019676 | AE28: 0.063958333 | AH28: 0.10984954 | AI28: =SUM(D28:AH28) | AJ28: 1.4696181 | AK28: =AJ28-AI28 | AM28: 0.019733796
A29: SAMBRINI ALESSIA | B29: SMBLSS74D47H501E | C29: Big Data - Tecninf - Fondoconoscenza | F29: 0.14015046 | G29: 0.23451389 | H29: 0.22594907 | I29: 0.24665509 | N29: 0.23554398 | O29: 0.12431713 | P29: 0.22631944 | Q29: 0.18253472 | T29: 0.24594907 | U29: 0.11619213 | V29: 0.18888889 | W29: 0.22871528 | X29: 0.25636574 | AA29: 0.33333333 | AB29: 0.26622685 | AC29: 0.1818287 | AD29: 0.16711806 | AE29: 0.16458333 | AH29: 0.041979167 | AI29: =SUM(D29:AH29) | AJ29: 3.8640162 | AK29: =AJ29-AI29 | AM29: 0.049305556
A30: SAVAIANO SILVIA | B30: SVNSLV89A46H501I | C30: La programmazione - Tecninf - Fondoconoscenza | F30: 0.074872685 | G30: 0.073287037 | H30: 0.018923611 | J30: 0.0052083333 | M30: 0.00011574074 | V30: 0.065497685 | W30: 0.036261574 | X30: 0.066550926 | AA30: 0.16579861 | AB30: 0.092361111 | AE30: 0.13274306 | AH30: 0.06625 | AI30: =SUM(D30:AH30) | AJ30: 0.95180556 | AK30: =AJ30-AI30 | AM30: 0.15393519
A31: SCALVEDI FILIPPO | B31: SCLFPP97S05H501K | C31: Big Data - Tecninf - Fondoconoscenza | G31: 0.026145833 | O31: 0.13446759 | AH31: 0.014386574 | AI31: =SUM(D31:AH31) | AJ31: 0.175 | AK31: =AJ31-AI31
A32: SCRIMIERI TIZIANO | B32: SCRTZN80A09H501I | C32: Big Data - Tecninf - Fondoconoscenza | F32: 0.099791667 | M32: 0.13207176 | N32: 0.046087963 | Q32: 0.078703704 | T32: 0.023136574 | U32: 0.089664352 | V32: 0.17797454 | W32: 0.10398148 | X32: 0.12829861 | AA32: 0.21226852 | AB32: 0.11547454 | AC32: 0.14850694 | AE32: 0.071273148 | AH32: 0.14150463 | AI32: =SUM(D32:AH32) | AJ32: 1.5728125 | AK32: =AJ32-AI32 | AM32: 0.0040740741
A33: STASIUC DENIS | B33: STSDNS91B05Z140T | C33: Big Data - Tecninf - Fondoconoscenza | F33: 0.12239583 | G33: 0.069560185 | H33: 0.092662037 | I33: 0.059155093 | J33: 0.1137963 | T33: 0.042511574 | U33: 0.094895833 | V33: 0.14701389 | W33: 0.15824074 | X33: 0.1621412 | AA33: 0.13597222 | AB33: 0.13674769 | AC33: 0.12152778 | AD33: 0.10101852 | AE33: 0.082349537 | AH33: 0.075208333 | AI33: =SUM(D33:AH33) | AJ33: 1.7152199 | AK33: =AJ33-AI33 | AM33: 2.3148148e-05
A34: TARISCIOTTI ANDREA | B34: TRSNDR97M24H501B | C34: La programmazione - Tecninf - Fondoconoscenza | J34: 0 | AI34: =SUM(D34:AH34) | AJ34: 0.039918981 | AK34: =AJ34-AI34 | AM34: 0.039918981
A35: TOCI ANTONETA | B35: TCONNT91H59Z100O | C35: La programmazione - Tecninf - Fondoconoscenza | M35: 0.33333333 | N35: 0.33333333 | P35: 0.33333333 | Q35: 0.3044213 | AI35: =SUM(D35:AH35) | AJ35: 1.3684606 | AK35: =AJ35-AI35 | AM35: 0.018784722
A36: VISWANATHAN SRIDHAR | B36: VSWSDH86S22Z222H | C36: Project Management per il digitale - Tecninf - Fondoconoscenza | F36: 0.20395833 | G36: 0.303125 | H36: 0.21350694 | I36: 0.19564815 | J36: 0.22157407 | M36: 0.20880787 | N36: 0.30349537 | O36: 0.2247338 | P36: 0.2887963 | Q36: 0.32775463 | T36: 0.27064815 | U36: 0.2581713 | V36: 0.26046296 | W36: 0.2603125 | X36: 0.27569444 | AA36: 0.22318287 | AB36: 0.24770833 | AC36: 0.10836806 | AD36: 0.26077546 | AH36: 0.21309028 | AI36: =SUM(D36:AH36) | AJ36: 4.8801273 | AK36: =AJ36-AI36 | AM36: 0.0103125
A37: TOTALE | D37: =SUM(D4:D36) | E37: =SUM(E4:E36) | F37: =SUM(F4:F36) | G37: =SUM(G4:G36) | H37: =SUM(H4:H36) | I37: =SUM(I4:I36) | J37: =SUM(J4:J36) | K37: =SUM(K4:K36) | ... AN37: =SUM(AN4:AN36)

Sheet Settembre 2026
A1: MONITORAGGIO ORE FORMAZIONE - Settembre 2026 - TECNINF SPA
A3: Utente | B3: Codice Fiscale | C3: Percorso Formativo | D3: 1 M | E3: 2 M | F3: 3 G | G3: 4 V | H3: 5 S | I3: 6 D | J3: 7 L | K3: 8 M | L3: 9 M | M3: 10 G | N3: 11 V | O3: 12 S | P3: 13 D | Q3: 14 L | R3: 15 M | S3: 16 M | T3: 17 G | U3: 18 V | V3: 19 S | W3: 20 D | X3: 21 L | Y3: 22 M | Z3: 23 M | AA3: 24 G | AB3: 25 V | AC3: 26 S | AD3: 27 D | AE3: 28 L | AF3: 29 M | AG3: 30 M | AH3: Totale Ore Effettive | AI3: Ore Totali | AJ3: Totale Eccesso | AK3: Eccesso Weekend | AL3: Eccesso Dopo 18:00 | AM3: Eccesso Mattutino
A4: ALBA WILLIAM JULIAN PAZ | B4: PZLWLM96A16Z504F | C4: La programmazione - Tecninf - Fondoconoscenza | M4: 0.0026273148 | U4: 0.0012384259 | Y4: 0.00033564815 | AE4: 0.0015972222 | AH4: =SUM(D4:AG4) | AI4: 0.0057986111 | AJ4: =AI4-AH4
A5: BADII ALESSANDRO | B5: BDALSN01R03H501Z | C5: Big Data - Tecninf - Fondoconoscenza | AH5: =SUM(D5:AG5) | AJ5: =AI5-AH5
A6: BADINE HICHAM | B6: BDNHHM97H19H501Q | C6: La programmazione - Tecninf - Fondoconoscenza | D6: 0.046435185 | E6: 0.032152778 | F6: 0.062974537 | J6: 0.059328704 | K6: 0.071770833 | L6: 0.018240741 | M6: 0.029386574 | N6: 0.10478009 | Q6: 0.02875 | S6: 0.038715278 | Y6: 0.038506944 | Z6: 0.033055556 | AA6: 0.042280093 | AB6: 0.047696759 | AE6: 0.059664352 | AF6: 0.067974537 | AH6: =SUM(D6:AG6) | AI6: 0.78171296 | AJ6: =AI6-AH6
A7: BECIANI ANDREA | B7: BCNNDR82P16D773D | C7: La programmazione - Tecninf - Fondoconoscenza | AH7: =SUM(D7:AG7) | AJ7: =AI7-AH7
A8: BOONTAWEE JUTATIP | B8: BNTJTP78S54Z241U | C8: Project Management per il digitale - Tecninf - Fondoconoscenza | D8: 0.055717593 | E8: 0.20994213 | F8: 0.017905093 | J8: 0.19947917 | K8: 0.24805556 | L8: 0.17482639 | M8: 0.14179398 | N8: 0.18981481 | Q8: 0.19917824 | R8: 0.17814815 | S8: 0.19163194 | T8: 0.19476852 | U8: 0.25896991 | X8: 0.14697917 | Y8: 0.13969907 | Z8: 0.2187037 | AA8: 0.15831019 | AB8: 0.17336806 | AE8: 0.17118056 | AF8: 0.19511574 | AH8: =SUM(D8:AG8) | AI8: 3.463588 | AJ8: =AI8-AH8
A9: BUTTINELLI GIORGIA | B9: BTTGRG97S59G274Q | C9: Big Data - Tecninf - Fondoconoscenza | D9: 0.26072917 | E9: 0.19552083 | F9: 0.12876157 | G9: 0.21481481 | J9: 0.1853588 | K9: 0.12021991 | L9: 0.088333333 | M9: 0.1025463 | N9: 0.068159722 | R9: 0.026990741 | X9: 0.12400463 | Y9: 0.1409375 | Z9: 0.12917824 | AA9: 0.01880787 | AB9: 0.097326389 | AF9: 0.014710648 | AH9: =SUM(D9:AG9) | AI9: 2.1072801 | AJ9: =AI9-AH9 | AL9: 0.19087963
A10: CARABLUT VICTOR | B10: CRBVTR94A11Z140B | C10: Sicurezza Informatica - Tecninf - Fondoconoscenza | J10: 0.12797454 | K10: 0.1547338 | Y10: 0.14021991 | Z10: 0.22202546 | AA10: 0.012800926 | AE10: 0.21925926 | AH10: =SUM(D10:AG10) | AI10: 0.87701389 | AJ10: =AI10-AH10
A11: CECCONI ANTHONY | B11: CCCNHN91D19H501W | C11: La programmazione - Tecninf - Fondoconoscenza | D11: 0.15193287 | E11: 0.09974537 | F11: 0.17052083 | G11: 0.067962963 | J11: 0.31665509 | K11: 0.19190972 | L11: 0.077731481 | M11: 0.11229167 | N11: 0.13086806 | O11: 0 | Q11: 0.18090278 | R11: 0.14486111 | S11: 0.11859954 | U11: 0.10373843 | X11: 0.11790509 | Y11: 0.17475694 | Z11: 0.19640046 | AA11: 0.15837963 | AB11: 0.058020833 | AE11: 0.27434028 | AF11: 0.062916667 | AH11: =SUM(D11:AG11) | AI11: 3.0071412 | AJ11: =AI11-AH11 | AK11: 0.018703704 | AL11: 0.077997685
A12: CHIARA GOBBI MARIA | B12: GBBMCH73R57H501G | C12: L'ufficio digitale - Tecninf - Fondoconoscenza | E12: 0.17666667 | J12: 0.14681713 | K12: 0.12768519 | M12: 0.18381944 | N12: 0.17997685 | Q12: 0.20052083 | R12: 0.16726852 | S12: 0.16291667 | T12: 0.18518519 | U12: 0.10409722 | AH12: =SUM(D12:AG12) | AI12: 1.6349537 | AJ12: =AI12-AH12
A13: LIMETTI ION | B13: LMTNIO94M03Z129S | C13: Big Data - Tecninf - Fondoconoscenza | AH13: =SUM(D13:AG13) | AJ13: =AI13-AH13
A14: LUCA' VERONICA | B14: LCUVNC85L52D976T | C14: Big Data - Tecninf - Fondoconoscenza | AH14: =SUM(D14:AG14) | AJ14: =AI14-AH14
A15: MAGNANINI LORENZO | B15: MGNLNZ97M04H501T | C15: La programmazione - Tecninf - Fondoconoscenza | D15: 0.066261574 | F15: 0.0020138889 | G15: 0.0062037037 | K15: 0.012939815 | L15: 0.0047337963 | AH15: =SUM(D15:AG15) | AI15: 0.092152778 | AJ15: =AI15-AH15
A16: MARIANI ALESSIA | B16: MRNLSS75L68H501L | C16: Big Data - Tecninf - Fondoconoscenza | D16: 0.14487269 | E16: 0.15142361 | F16: 0.24560185 | G16: 0.2878588 | J16: 0.18804398 | K16: 0.054548611 | L16: 0.14128472 | M16: 0.1412963 | N16: 0.14829861 | Q16: 0.16045139 | R16: 0.20358796 | S16: 0.15208333 | T16: 0.17693287 | U16: 0.19952546 | X16: 0.14053241 | Y16: 0.20423611 | Z16: 0.17730324 | AA16: 0.13653935 | AB16: 0.16503472 | AE16: 0.15417824 | AF16: 0.1543287 | AH16: =SUM(D16:AG16) | AI16: 3.5511458 | AJ16: =AI16-AH16 | AL16: 0.02318287
A17: MASCELLINO GIULIO | B17: MSCGLI83C04G511L | C17: Big Data - Tecninf - Fondoconoscenza | X17: 0.035509259 | Y17: 0.15946759 | Z17: 0.15733796 | AA17: 0.083935185 | AB17: 0.17252315 | AE17: 0.20334491 | AF17: 0.30230324 | AH17: =SUM(D17:AG17) | AI17: 1.1207523 | AJ17: =AI17-AH17 | AL17: 0.0063310185
A18: PACPACO MICHAEL DEPOLLY | B18: PCPMHL00R03H501G | C18: La programmazione - Tecninf - Fondoconoscenza | D18: 0.087094907 | E18: 0.2253588 | F18: 0.22206019 | G18: 0.24877315 | J18: 0.28607639 | K18: 0.22820602 | L18: 0.23609954 | M18: 0.24855324 | N18: 0.28914352 | Q18: 0.22354167 | R18: 0.1866088 | S18: 0.18543981 | T18: 0.16702546 | U18: 0.15357639 | X18: 0.2706713 | Y18: 0.17100694 | Z18: 0.07150463 | AB18: 0.094270833 | AE18: 0.100625 | AF18: 0.13321759 | AH18: =SUM(D18:AG18) | AI18: 3.8421644 | AJ18: =AI18-AH18 | AL18: 0.013310185
A19: PASSIO ROBERTA | B19: PSSRRT76L56H501O | C19: Sicurezza Informatica - Tecninf - Fondoconoscenza | D19: 0.1027662 | E19: 0.1825 | F19: 0.2021875 | G19: 0.20824074 | J19: 0.070335648 | K19: 0.14585648 | L19: 0.16689815 | M19: 0.15694444 | N19: 0.17453704 | Q19: 0.10381944 | AH19: =SUM(D19:AG19) | AI19: 1.5140856 | AJ19: =AI19-AH19
A20: PERILLA GIAN LEO GAMES | B20: PRLGLG98M18H501X | C20: Big Data - Tecninf - Fondoconoscenza | E20: 0.0091782407 | F20: 0.027847222 | J20: 0.02412037 | Y20: 0.0079976852 | AB20: 0.060162037 | AE20: 0.0061226852 | AF20: 0.0061805556 | AH20: =SUM(D20:AG20) | AI20: 0.14601852 | AJ20: =AI20-AH20 | AL20: 0.0044097222
A21: PINNA ROBERTO CAO | B21: CPNRRT66D27H501V | C21: Project Management per il digitale - Tecninf - Fondoconoscenza | D21: 0.11914352 | E21: 0.15364583 | F21: 0.19065972 | G21: 0.1965162 | J21: 0.12263889 | K21: 0.21070602 | L21: 0.16756944 | M21: 0.18913194 | N21: 0.22297454 | Q21: 0.20212963 | R21: 0.21143519 | S21: 0.21530093 | T21: 0.10354167 | U21: 0.1752662 | X21: 0.1568287 | Y21: 0.15208333 | Z21: 0.15349537 | AA21: 0.17118056 | AB21: 0.15733796 | AE21: 0.15444444 | AF21: 0.18178241 | AH21: =SUM(D21:AG21) | AI21: 3.6078125 | AJ21: =AI21-AH21
A22: POGGI ROBERTO | B22: PGGRRT91H07F839Q | C22: Big Data - Tecninf - Fondoconoscenza | D22: 0.10732639 | K22: 0.17861111 | L22: 0.21204861 | M22: 0.10599537 | AH22: =SUM(D22:AG22) | AI22: 0.73743056 | AJ22: =AI22-AH22 | AL22: 0.13344907
A23: PRASAD RAKESH KUMAR | B23: PRSRSH87S19H501S | C23: Sicurezza Informatica - Tecninf - Fondoconoscenza | R23: 0.0091203704 | S23: 0.1096412 | T23: 0.12509259 | U23: 0.097569444 | X23: 0.073217593 | Y23: 0.065289352 | Z23: 0.11642361 | AA23: 0.12758102 | AB23: 0.1328125 | AE23: 0.12296296 | AF23: 0.093240741 | AH23: =SUM(D23:AG23) | AI23: 1.0800694 | AJ23: =AI23-AH23 | AL23: 0.0071180556
A24: PUDDU RAIMONDO | B24: PDDRND75R08H501S | C24: Big Data - Tecninf - Fondoconoscenza | D24: 0.13991898 | E24: 0.16988426 | F24: 0.052569444 | G24: 0.15875 | J24: 0.15975694 | K24: 0.136875 | L24: 0.11965278 | M24: 0.12902778 | Q24: 0.21390046 | R24: 0.04962963 | S24: 0.098113426 | T24: 0.1297338 | U24: 0.16518519 | X24: 0.19606481 | Y24: 0.047326389 | AA24: 0.045231481 | AB24: 0.15334491 | AE24: 0.099282407 | AF24: 0.14599537 | AH24: =SUM(D24:AG24) | AI24: 2.4261111 | AJ24: =AI24-AH24 | AL24: 0.015868056
A25: RANIERI FRANCESCO | B25: RNRFNC99L28H501B | C25: La programmazione - Tecninf - Fondoconoscenza | D25: 0.14670139 | E25: 0.086608796 | F25: 0.12613426 | G25: 0.16668981 | J25: 0.21025463 | K25: 0.25604167 | M25: 0.23949074 | N25: 0.17755787 | Q25: 0.11833333 | R25: 0.13572917 | S25: 0.13049769 | X25: 0.072303241 | Y25: 0.14189815 | Z25: 0.20548611 | AA25: 0.13940972 | AB25: 0.21417824 | AE25: 0.12508102 | AF25: 0.13456019 | AH25: =SUM(D25:AG25) | AI25: 2.9659491 | AJ25: =AI25-AH25 | AL25: 0.13899306
A26: ROSA JEREMY DELA | B26: DLRJMY02A20H501A | C26: Big Data - Tecninf - Fondoconoscenza | AB26: 0.11954861 | AH26: =SUM(D26:AG26) | AI26: 0.11954861 | AJ26: =AI26-AH26
A27: SALPIETRO GIANLUCA | B27: SLPGLC81B17G377J | C27: Big Data - Tecninf - Fondoconoscenza | AH27: =SUM(D27:AG27) | AJ27: =AI27-AH27
A28: SALVATI CARMINE | B28: SLVCMN80D14D086Z | C28: Big Data - Tecninf - Fondoconoscenza | D28: 0.17024306 | E28: 0.13615741 | F28: 0.12721065 | G28: 0.14403935 | J28: 0.1187037 | K28: 0.22539352 | L28: 0.13134259 | M28: 0.10420139 | N28: 0.13238426 | Q28: 0.12435185 | R28: 0.141875 | S28: 0.10203704 | T28: 0.21476852 | U28: 0.13578704 | X28: 0.24384259 | Y28: 0.14956019 | Z28: 0.28259259 | AA28: 0.23695602 | AB28: 0.18721065 | AH28: =SUM(D28:AG28) | AI28: 3.1375694 | AJ28: =AI28-AH28 | AL28: 0.028912037
A29: SAMBRINI ALESSIA | B29: SMBLSS74D47H501E | C29: Big Data - Tecninf - Fondoconoscenza | S29: 0.26086806 | T29: 0.29023148 | U29: 0.12759259 | X29: 0.18483796 | Y29: 0.068240741 | AA29: 0.0077199074 | AB29: 0.10516204 | AF29: 0.0028472222 | AH29: =SUM(D29:AG29) | AI29: 1.0687616 | AJ29: =AI29-AH29 | AL29: 0.021261574
A30: SAVAIANO SILVIA | B30: SVNSLV89A46H501I | C30: La programmazione - Tecninf - Fondoconoscenza | K30: 0.10769676 | L30: 0.11570602 | M30: 0.067210648 | Q30: 0.052523148 | R30: 0.11981481 | T30: 0.086689815 | U30: 0.096342593 | W30: 0 | X30: 0.081122685 | Y30: 0.073564815 | Z30: 0.057002315 | AA30: 0.063159722 | AE30: 0.078020833 | AF30: 0.13519676 | AH30: =SUM(D30:AG30) | AI30: 1.274375 | AJ30: =AI30-AH30 | AK30: 0.041886574 | AL30: 0.0984375
A31: SCALVEDI FILIPPO | B31: SCLFPP97S05H501K | C31: Big Data - Tecninf - Fondoconoscenza | AH31: =SUM(D31:AG31) | AJ31: =AI31-AH31
A32: SCRIMIERI TIZIANO | B32: SCRTZN80A09H501I | C32: Big Data - Tecninf - Fondoconoscenza | D32: 0.19638889 | E32: 0.091678241 | F32: 0.0039583333 | J32: 0.047465278 | K32: 0.022546296 | L32: 0.071030093 | Q32: 0.11162037 | R32: 0.055011574 | S32: 0.024189815 | T32: 0.022002315 | U32: 0.098148148 | X32: 0.13030093 | Y32: 0.12465278 | Z32: 0.15533565 | AA32: 0.045185185 | AE32: 0.17815972 | AF32: 0.078136574 | AH32: =SUM(D32:AG32) | AI32: 1.4739005 | AJ32: =AI32-AH32 | AL32: 0.018090278
A33: STASIUC DENIS | B33: STSDNS91B05Z140T | C33: Big Data - Tecninf - Fondoconoscenza | D33: 0.14271991 | E33: 0.05625 | AH33: =SUM(D33:AG33) | AI33: 0.19896991 | AJ33: =AI33-AH33
A34: TARISCIOTTI ANDREA | B34: TRSNDR97M24H501B | C34: La programmazione - Tecninf - Fondoconoscenza | AH34: =SUM(D34:AG34) | AJ34: =AI34-AH34
A35: TOCI ANTONETA | B35: TCONNT91H59Z100O | C35: La programmazione - Tecninf - Fondoconoscenza | AH35: =SUM(D35:AG35) | AJ35: =AI35-AH35
A36: VISWANATHAN SRIDHAR | B36: VSWSDH86S22Z222H | C36: Project Management per il digitale - Tecninf - Fondoconoscenza | D36: 0.26763889 | E36: 0.24534722 | F36: 0.26519676 | G36: 0.24618056 | L36: 0.013368056 | S36: 0.016122685 | AH36: =SUM(D36:AG36) | AI36: 1.0538542 | AJ36: =AI36-AH36
A37: TOTALE | D37: =SUM(D4:D36) | E37: =SUM(E4:E36) | F37: =SUM(F4:F36) | G37: =SUM(G4:G36) | H37: =SUM(H4:H36) | I37: =SUM(I4:I36) | J37: =SUM(J4:J36) | K37: =SUM(K4:K36) | ... AM37: =SUM(AM4:AM36)

Sheet Dettaglio - Big Data
A1: DETTAGLIO BIG DATA - % veritiera per singolo corso (ore effettive cappate al 100% della durata attesa)
A2: Durata attesa (h) | D2: 20 | E2: 5 | F2: 18 | G2: 17 | H2: 5 | I2: 11 | J2: 14 | K2: 12 | L2: 11 | M2: 13 | N2: 12 | O2: 3 | P2: 6 | Q2: 3
A3: Discente | B3: Codice Fiscale | C3: Percorso Formativo | D3: GDPR e nuove normative Europee | E3: Introduzione ai Big Data nelle aziende | F3: Big data e analisi predittiva | G3: I Big data in ambito finanziario | H3: Business Intelligence e analisi predittiva | I3: Database relazionali e linguaggio SQL con PHP | J3: Natural Language Processing con Python | K3: Il Machine Learning con Python | L3: Python per Machine Learning e Artificial Intelligence | M3: Deep Learning e reti neurali | N3: Big Data Analytics con Python e Spark | O3: Progettare autorizzazioni e autentificazioni | P3: Gestione avanzata di un Database | Q3: Sicurezza e Password Management
A4: BADII ALESSANDRO | B4: BDALSN01R03H501Z | C4: Big Data - Tecninf - Fondoconoscenza | D4: =MIN(20.7386,20)/20 | E4: =MIN(14.9525,5)/5 | F4: =MIN(19.53,18)/18 | G4: =MIN(14.0014,17)/17 | H4: =MIN(12.3792,5)/5 | I4: =MIN(0.0,11)/11 | J4: =MIN(0.0,14)/14 | K4: =MIN(14.3078,12)/12 | L4: =MIN(0.0,11)/11 | M4: =MIN(8.7369,13)/13 | N4: =MIN(24.5011,12)/12 | O4: =MIN(0.0,3)/3 | P4: =MIN(0.0,6)/6 | Q4: =MIN(2.2803,3)/3
A5: BUTTINELLI GIORGIA | B5: BTTGRG97S59G274Q | C5: Big Data - Tecninf - Fondoconoscenza | D5: =MIN(7.1011,20)/20 | E5: =MIN(3.92,5)/5 | F5: =MIN(14.6164,18)/18 | G5: =MIN(8.1053,17)/17 | H5: =MIN(9.8769,5)/5 | I5: =MIN(9.4906,11)/11 | J5: =MIN(13.3747,14)/14 | K5: =MIN(12.4703,12)/12 | L5: =MIN(27.8853,11)/11 | M5: =MIN(15.5747,13)/13 | N5: =MIN(19.4769,12)/12 | O5: =MIN(2.3303,3)/3 | P5: =MIN(2.8253,6)/6 | Q5: =MIN(3.5258,3)/3
A6: LIMETTI ION | B6: LMTNIO94M03Z129S | C6: Big Data - Tecninf - Fondoconoscenza | D6: =MIN(18.6019,20)/20 | E6: =MIN(19.0725,5)/5 | F6: =MIN(10.6992,18)/18 | G6: =MIN(6.8514,17)/17 | H6: =MIN(20.6367,5)/5 | I6: =MIN(14.6164,11)/11 | J6: =MIN(10.8111,14)/14 | K6: =MIN(18.1808,12)/12 | L6: =MIN(24.3361,11)/11 | M6: =MIN(25.38,13)/13 | N6: =MIN(10.7911,12)/12 | O6: =MIN(4.8953,3)/3 | P6: =MIN(6.1,6)/6 | Q6: =MIN(4.8325,3)/3
A7: LUCA' VERONICA | B7: LCUVNC85L52D976T | C7: Big Data - Tecninf - Fondoconoscenza | D7: =MIN(0.0,20)/20 | E7: =MIN(0.0,5)/5 | F7: =MIN(0.1058,18)/18 | G7: =MIN(0.0,17)/17 | H7: =MIN(0.0,5)/5 | I7: =MIN(0.0,11)/11 | J7: =MIN(0.0,14)/14 | K7: =MIN(0.0,12)/12 | L7: =MIN(36.6886,11)/11 | M7: =MIN(28.0519,13)/13 | N7: =MIN(0.0,12)/12 | O7: =MIN(0.0,3)/3 | P7: =MIN(0.0,6)/6 | Q7: =MIN(0.0,3)/3
A8: MARIANI ALESSIA | B8: MRNLSS75L68H501L | C8: Big Data - Tecninf - Fondoconoscenza | D8: =MIN(15.5525,20)/20 | E8: =MIN(16.1125,5)/5 | F8: =MIN(15.9153,18)/18 | G8: =MIN(18.9567,17)/17 | H8: =MIN(4.9186,5)/5 | I8: =MIN(10.1806,11)/11 | J8: =MIN(19.6089,14)/14 | K8: =MIN(10.1986,12)/12 | L8: =MIN(49.0872,11)/11 | M8: =MIN(27.8425,13)/13 | N8: =MIN(8.0817,12)/12 | O8: =MIN(5.7842,3)/3 | P8: =MIN(6.4867,6)/6 | Q8: =MIN(3.5358,3)/3
A9: MASCELLINO GIULIO | B9: MSCGLI83C04G511L | C9: Big Data - Tecninf - Fondoconoscenza | D9: =MIN(0.0,20)/20 | E9: =MIN(0.0,5)/5 | F9: =MIN(8.8092,18)/18 | G9: =MIN(0.0,17)/17 | H9: =MIN(0.0,5)/5 | I9: =MIN(0.0,11)/11 | J9: =MIN(0.0,14)/14 | K9: =MIN(0.0,12)/12 | L9: =MIN(0.0,11)/11 | M9: =MIN(0.0,13)/13 | N9: =MIN(15.6542,12)/12 | O9: =MIN(0.0,3)/3 | P9: =MIN(0.0,6)/6 | Q9: =MIN(6.0194,3)/3
A10: PERILLA GIAN LEO GAMES | B10: PRLGLG98M18H501X | C10: Big Data - Tecninf - Fondoconoscenza | D10: =MIN(20.1842,20)/20 | E10: =MIN(0.0,5)/5 | F10: =MIN(0.0,18)/18 | G10: =MIN(0.0,17)/17 | H10: =MIN(0.0,5)/5 | I10: =MIN(0.0,11)/11 | J10: =MIN(0.0,14)/14 | K10: =MIN(0.0,12)/12 | L10: =MIN(0.0,11)/11 | M10: =MIN(0.0,13)/13 | N10: =MIN(0.0,12)/12 | O10: =MIN(0.0,3)/3 | P10: =MIN(0.0,6)/6 | Q10: =MIN(1.4344,3)/3
A11: POGGI ROBERTO | B11: PGGRRT91H07F839Q | C11: Big Data - Tecninf - Fondoconoscenza | D11: =MIN(14.2458,20)/20 | E11: =MIN(0.0,5)/5 | F11: =MIN(0.0,18)/18 | G11: =MIN(0.0,17)/17 | H11: =MIN(0.0,5)/5 | I11: =MIN(0.0,11)/11 | J11: =MIN(0.0,14)/14 | K11: =MIN(0.0,12)/12 | L11: =MIN(0.0,11)/11 | M11: =MIN(0.0,13)/13 | N11: =MIN(10.5933,12)/12 | O11: =MIN(0.1256,3)/3 | P11: =MIN(0.0,6)/6 | Q11: =MIN(2.465,3)/3
A12: PUDDU RAIMONDO | B12: PDDRND75R08H501S | C12: Big Data - Tecninf - Fondoconoscenza | D12: =MIN(0.0,20)/20 | E12: =MIN(0.0,5)/5 | F12: =MIN(10.5847,18)/18 | G12: =MIN(0.0,17)/17 | H12: =MIN(9.7256,5)/5 | I12: =MIN(11.1589,11)/11 | J12: =MIN(0.0,14)/14 | K12: =MIN(0.0,12)/12 | L12: =MIN(0.0,11)/11 | M12: =MIN(4.7972,13)/13 | N12: =MIN(23.2533,12)/12 | O12: =MIN(0.0,3)/3 | P12: =MIN(0.0,6)/6 | Q12: =MIN(0.0,3)/3
A13: ROSA JEREMY DELA | B13: DLRJMY02A20H501A | C13: Big Data - Tecninf - Fondoconoscenza | D13: =MIN(0.0,20)/20 | E13: =MIN(0.0,5)/5 | F13: =MIN(0.0,18)/18 | G13: =MIN(0.0,17)/17 | H13: =MIN(0.0,5)/5 | I13: =MIN(0.0,11)/11 | J13: =MIN(0.0,14)/14 | K13: =MIN(0.0,12)/12 | L13: =MIN(0.0,11)/11 | M13: =MIN(0.0,13)/13 | N13: =MIN(18.1825,12)/12 | O13: =MIN(0.0,3)/3 | P13: =MIN(0.0,6)/6 | Q13: =MIN(0.0,3)/3
A14: SALPIETRO GIANLUCA | B14: SLPGLC81B17G377J | C14: Big Data - Tecninf - Fondoconoscenza | D14: =MIN(0.0,20)/20 | E14: =MIN(0.0,5)/5 | F14: =MIN(8.0122,18)/18 | G14: =MIN(9.0469,17)/17 | H14: =MIN(5.1822,5)/5 | I14: =MIN(18.9803,11)/11 | J14: =MIN(0.0,14)/14 | K14: =MIN(0.0,12)/12 | L14: =MIN(29.9961,11)/11 | M14: =MIN(24.5767,13)/13 | N14: =MIN(14.2711,12)/12 | O14: =MIN(0.0,3)/3 | P14: =MIN(0.0267,6)/6 | Q14: =MIN(2.2639,3)/3
A15: SALVATI CARMINE | B15: SLVCMN80D14D086Z | C15: Big Data - Tecninf - Fondoconoscenza | D15: =MIN(8.9972,20)/20 | E15: =MIN(8.2975,5)/5 | F15: =MIN(7.8697,18)/18 | G15: =MIN(5.7186,17)/17 | H15: =MIN(5.8442,5)/5 | I15: =MIN(4.2142,11)/11 | J15: =MIN(11.0036,14)/14 | K15: =MIN(11.4944,12)/12 | L15: =MIN(22.5481,11)/11 | M15: =MIN(17.135,13)/13 | N15: =MIN(14.2367,12)/12 | O15: =MIN(0.8972,3)/3 | P15: =MIN(1.5372,6)/6 | Q15: =MIN(1.1611,3)/3
A16: SAMBRINI ALESSIA | B16: SMBLSS74D47H501E | C16: Big Data - Tecninf - Fondoconoscenza | D16: =MIN(21.1408,20)/20 | E16: =MIN(1.1253,5)/5 | F16: =MIN(11.5794,18)/18 | G16: =MIN(23.0306,17)/17 | H16: =MIN(12.4369,5)/5 | I16: =MIN(15.0872,11)/11 | J16: =MIN(0.0,14)/14 | K16: =MIN(12.2775,12)/12 | L16: =MIN(0.0,11)/11 | M16: =MIN(23.7458,13)/13 | N16: =MIN(27.1636,12)/12 | O16: =MIN(0.7914,3)/3 | P16: =MIN(11.3706,6)/6 | Q16: =MIN(0.0,3)/3
A17: SCALVEDI FILIPPO | B17: SCLFPP97S05H501K | C17: Big Data - Tecninf - Fondoconoscenza | D17: =MIN(0.0,20)/20 | E17: =MIN(0.0,5)/5 | F17: =MIN(0.0,18)/18 | G17: =MIN(0.0,17)/17 | H17: =MIN(0.0,5)/5 | I17: =MIN(0.0,11)/11 | J17: =MIN(0.0,14)/14 | K17: =MIN(0.0,12)/12 | L17: =MIN(0.0,11)/11 | M17: =MIN(0.0,13)/13 | N17: =MIN(8.4719,12)/12 | O17: =MIN(0.0,3)/3 | P17: =MIN(0.0,6)/6 | Q17: =MIN(0.0,3)/3
A18: SCRIMIERI TIZIANO | B18: SCRTZN80A09H501I | C18: Big Data - Tecninf - Fondoconoscenza | D18: =MIN(8.0514,20)/20 | E18: =MIN(0.0,5)/5 | F18: =MIN(9.4994,18)/18 | G18: =MIN(0.0,17)/17 | H18: =MIN(7.1489,5)/5 | I18: =MIN(9.1525,11)/11 | J18: =MIN(0.0,14)/14 | K18: =MIN(0.0,12)/12 | L18: =MIN(0.0,11)/11 | M18: =MIN(9.8411,13)/13 | N18: =MIN(23.3014,12)/12 | O18: =MIN(0.0,3)/3 | P18: =MIN(0.0,6)/6 | Q18: =MIN(0.0,3)/3
A19: STASIUC DENIS | B19: STSDNS91B05Z140T | C19: Big Data - Tecninf - Fondoconoscenza | D19: =MIN(20.6358,20)/20 | E19: =MIN(9.765,5)/5 | F19: =MIN(19.6206,18)/18 | G19: =MIN(13.8464,17)/17 | H19: =MIN(13.1097,5)/5 | I19: =MIN(14.3972,11)/11 | J19: =MIN(13.7297,14)/14 | K19: =MIN(14.7278,12)/12 | L19: =MIN(33.9014,11)/11 | M19: =MIN(25.7175,13)/13 | N19: =MIN(35.545,12)/12 | O19: =MIN(5.6769,3)/3 | P19: =MIN(9.3469,6)/6 | Q19: =MIN(7.8439,3)/3

Sheet Dettaglio - L'ufficio digitale
A1: DETTAGLIO L'UFFICIO DIGITALE - % veritiera per singolo corso (ore effettive cappate al 100% della durata attesa)
A2: Durata attesa (h) | D2: 20 | E2: 5 | F2: 2 | G2: 2 | H2: 16 | I2: 3 | J2: 5 | K2: 4 | L2: 2 | M2: 7 | N2: 23 | O2: 3 | P2: 14 | Q2: 3 | R2: 9 | S2: 3 | T2: 5 | U2: 7 | V2: 3 | W2: 2 | X2: 3 | Y2: 9
A3: Discente | B3: Codice Fiscale | C3: Percorso Formativo | D3: GDPR e nuove normative Europee | E3: Elementi base di sicurezza informatica | F3: Virus e Antivirus per tutti | G3: Backup: rendiamolo facile per tutti | H3: Introduzione al mondo di Microsoft office 365 | I3: Microsoft 365: OneDrive corso completo | J3: Microsoft 365: Outlook desktop corso completo | K3: Microsoft 365: Outlook sul Web corso completo | L3: Microsoft 365: iniziare subito a lavorare con Teams | M3: Microsoft 365: Word corso completo | N3: Microsoft 365: Excel dai fondamentali al livello 4.0 | O3: Microsoft 365: Excel basi di calcolo con Tabelle Pivot | P3: Microsoft 365: Excel corso avanzato con tabelle Pivot | Q3: Microsoft 365: Power Query corso base | R3: Microsoft 365: Data Modeling con Power Query | S3: Microsoft 365: Proiezioni e calcoli con Power BI Desktop | T3: Microsoft 365: PowerPoint dalla base ai fondamentali | U3: Microsoft 365: elementi avanzati, suggerimenti e trucchi in PowerPoint | V3: Microsoft 365: strategie per fare presentazioni efficaci in PowerPoint | W3: Microsoft 365: strumenti per fare presentazioni efficaci in PowerPoint | X3: La gestione del lavoro in Google Sheet | Y3: I sistemi informatici
A4: CHIARA GOBBI MARIA | B4: GBBMCH73R57H501G | C4: L'ufficio digitale - Tecninf - Fondoconoscenza | D4: =MIN(15.1119,20)/20 | E4: =MIN(7.3069,5)/5 | F4: =MIN(6.3944,2)/2 | G4: =MIN(3.6878,2)/2 | H4: =MIN(5.0436,16)/16 | I4: =MIN(4.7322,3)/3 | J4: =MIN(4.6261,5)/5 | K4: =MIN(11.3839,4)/4 | L4: =MIN(2.0289,2)/2 | M4: =MIN(21.1625,7)/7 | N4: =MIN(59.2758,23)/23 | O4: =MIN(3.3322,3)/3 | P4: =MIN(37.7739,14)/14 | Q4: =MIN(8.9775,3)/3 | R4: =MIN(5.8036,9)/9 | S4: =MIN(9.4042,3)/3 | T4: =MIN(10.6214,5)/5 | U4: =MIN(0.9706,7)/7 | V4: =MIN(5.8489,3)/3 | W4: =MIN(2.3681,2)/2 | X4: =MIN(8.3836,3)/3 | Y4: =MIN(8.7478,9)/9

Sheet Dettaglio - La programmazione
A1: DETTAGLIO LA PROGRAMMAZIONE - % veritiera per singolo corso (ore effettive cappate al 100% della durata attesa)
A2: Durata attesa (h) | D2: 20 | E2: 16 | F2: 17 | G2: 33 | H2: 20 | I2: 12 | J2: 11 | K2: 10 | L2: 11
A3: Discente | B3: Codice Fiscale | C3: Percorso Formativo | D3: GDPR e nuove normative Europee | E3: I sistemi operativi | F3: Linguaggi di programmazione | G3: Front end base: HTML, CSS, Bootstrap | H3: Front end avanzato: JavaScript e jQuery | I3: Back end base: Fondamenti di PHP | J3: Database relazionali e linguaggio SQL con PHP | K3: Applicazioni dinamiche con PHP e MySql | L3: Back end avanzato: PHP MVC con Laravel
A4: ALBA WILLIAM JULIAN PAZ | B4: PZLWLM96A16Z504F | C4: La programmazione - Tecninf - Fondoconoscenza | D4: =MIN(1.4942,20)/20 | E4: =MIN(7.4422,16)/16 | F4: =MIN(1.0625,17)/17 | G4: =MIN(0.0,33)/33 | H4: =MIN(0.0,20)/20 | I4: =MIN(0.0,12)/12 | J4: =MIN(0.0,11)/11 | K4: =MIN(0.0,10)/10 | L4: =MIN(0.0,11)/11
A5: BADINE HICHAM | B5: BDNHHM97H19H501Q | C5: La programmazione - Tecninf - Fondoconoscenza | D5: =MIN(0.0,20)/20 | E5: =MIN(0.0,16)/16 | F5: =MIN(0.0,17)/17 | G5: =MIN(24.9092,33)/33 | H5: =MIN(6.1381,20)/20 | I5: =MIN(0.0,12)/12 | J5: =MIN(0.0,11)/11 | K5: =MIN(13.1972,10)/10 | L5: =MIN(15.7164,11)/11
A6: BECIANI ANDREA | B6: BCNNDR82P16D773D | C6: La programmazione - Tecninf - Fondoconoscenza | D6: =MIN(23.4642,20)/20 | E6: =MIN(10.8308,16)/16 | F6: =MIN(8.0433,17)/17 | G6: =MIN(33.5075,33)/33 | H6: =MIN(23.1656,20)/20 | I6: =MIN(10.0825,12)/12 | J6: =MIN(12.9411,11)/11 | K6: =MIN(12.11,10)/10 | L6: =MIN(7.9219,11)/11
A7: CECCONI ANTHONY | B7: CCCNHN91D19H501W | C7: La programmazione - Tecninf - Fondoconoscenza | D7: =MIN(9.3658,20)/20 | E7: =MIN(15.9711,16)/16 | F7: =MIN(0.0,17)/17 | G7: =MIN(38.385,33)/33 | H7: =MIN(27.3917,20)/20 | I7: =MIN(12.8919,12)/12 | J7: =MIN(16.6728,11)/11 | K7: =MIN(8.7717,10)/10 | L7: =MIN(1.5797,11)/11
A8: MAGNANINI LORENZO | B8: MGNLNZ97M04H501T | C8: La programmazione - Tecninf - Fondoconoscenza | D8: =MIN(0.0,20)/20 | E8: =MIN(0.4619,16)/16 | F8: =MIN(0.0,17)/17 | G8: =MIN(27.785,33)/33 | H8: =MIN(3.2653,20)/20 | I8: =MIN(6.0261,12)/12 | J8: =MIN(6.3022,11)/11 | K8: =MIN(7.6858,10)/10 | L8: =MIN(0.0,11)/11
A9: PACPACO MICHAEL DEPOLLY | B9: PCPMHL00R03H501G | C9: La programmazione - Tecninf - Fondoconoscenza | D9: =MIN(13.0581,20)/20 | E9: =MIN(16.4875,16)/16 | F9: =MIN(7.1603,17)/17 | G9: =MIN(40.8289,33)/33 | H9: =MIN(0.0,20)/20 | I9: =MIN(6.2808,12)/12 | J9: =MIN(11.2611,11)/11 | K9: =MIN(0.5994,10)/10 | L9: =MIN(0.0,11)/11
A10: RANIERI FRANCESCO | B10: RNRFNC99L28H501B | C10: La programmazione - Tecninf - Fondoconoscenza | D10: =MIN(9.6764,20)/20 | E10: =MIN(14.4144,16)/16 | F10: =MIN(8.8961,17)/17 | G10: =MIN(22.8575,33)/33 | H10: =MIN(24.5067,20)/20 | I10: =MIN(2.9897,12)/12 | J10: =MIN(17.6478,11)/11 | K10: =MIN(8.0142,10)/10 | L10: =MIN(0.0,11)/11
A11: SAVAIANO SILVIA | B11: SVNSLV89A46H501I | C11: La programmazione - Tecninf - Fondoconoscenza | D11: =MIN(15.6467,20)/20 | E11: =MIN(6.8525,16)/16 | F11: =MIN(7.2767,17)/17 | G11: =MIN(0.0,33)/33 | H11: =MIN(0.0,20)/20 | I11: =MIN(3.27,12)/12 | J11: =MIN(0.0,11)/11 | K11: =MIN(0.0,10)/10 | L11: =MIN(0.0,11)/11
A12: TARISCIOTTI ANDREA | B12: TRSNDR97M24H501B | C12: La programmazione - Tecninf - Fondoconoscenza | D12: =MIN(0.0,20)/20 | E12: =MIN(0.0,16)/16 | F12: =MIN(0.0,17)/17 | G12: =MIN(0.0,33)/33 | H12: =MIN(0.4125,20)/20 | I12: =MIN(0.0,12)/12 | J12: =MIN(0.0,11)/11 | K12: =MIN(6.0642,10)/10 | L12: =MIN(0.0,11)/11
A13: TOCI ANTONETA | B13: TCONNT91H59Z100O | C13: La programmazione - Tecninf - Fondoconoscenza | D13: =MIN(0.0,20)/20 | E13: =MIN(0.0,16)/16 | F13: =MIN(0.0,17)/17 | G13: =MIN(0.0,33)/33 | H13: =MIN(23.2192,20)/20 | I13: =MIN(0.0,12)/12 | J13: =MIN(0.0,11)/11 | K13: =MIN(0.0,10)/10 | L13: =MIN(0.0,11)/11

Sheet Dettaglio - Project Management
A1: DETTAGLIO PROJECT MANAGEMENT PER IL DIGITALE - % veritiera per singolo corso (ore effettive cappate al 100% della durata attesa)
A2: Durata attesa (h) | D2: 5 | E2: 9 | F2: 2 | G2: 4 | H2: 3 | I2: 2 | J2: 2 | K2: 1 | L2: 3 | M2: 2 | N2: 1 | O2: 9 | P2: 8 | Q2: 9 | R2: 2 | S2: 12 | T2: 3 | U2: 3 | V2: 2 | W2: 4 | X2: 5 | Y2: 6 | Z2: 3 | AA2: 4 | AB2: 15 | AC2: 4 | AD2: 4 | AE2: 17 | AF2: 6
A3: Discente | B3: Codice Fiscale | C3: Percorso Formativo | D3: Influenzare positivamente il clima aziendale | E3: La gestione delle risorse umane | F3: La swot analysis del personale | G3: La gestione del conflitto | H3: Organizzare e gestire riunioni efficaci | I3: Ottimizzare ed organizzare i meeting online | J3: Gli approcci nel Problem Solving | K3: L'Hackathon nel Problem Solving | L3: La gestione del Feedback efficace | M3: Comprensione di una struttura organizzativa | N3: La definizione dei compiti e delle responsabilita | O3: I fondamentali del lavoro in team | P3: Il team e la sua cultura di crescita | Q3: Guidare un team con l'intelligenza emotiva | R3: Fondamenti di Project Management | S3: Ruoli e processi del Project Management | T3: Predictive-Waterfall e lo sviluppo di un progetto | U3: Business Plan cos'e e come compilarlo | V3: Mindset e soft skills per il digitale | W3: Le basi del Public Speaking | X3: Leadership e Motivazione | Y3: La scienza delle relazioni e l'arte di comunicare | Z3: Comunicazione aziendale e risoluzione dei conflitti | AA3: Il valore dell'unicita in azienda | AB3: Le Soft skills per il mondo del lavoro | AC3: Esercizi pratici per la gestione della Leadership | AD3: Comunicazione efficace e persuasione | AE3: Skills e competenze per comunicare in azienda | AF3: Project management Agile con ClickUp
A4: BOONTAWEE JUTATIP | B4: BNTJTP78S54Z241U | C4: Project Management per il digitale - Tecninf - Fondoconoscenza | D4: =MIN(5.6325,5)/5 | E4: =MIN(7.0172,9)/9 | F4: =MIN(1.9003,2)/2 | G4: =MIN(6.5581,4)/4 | H4: =MIN(0.0,3)/3 | I4: =MIN(0.0,2)/2 | J4: =MIN(3.0886,2)/2 | K4: =MIN(2.7078,1)/1 | L4: =MIN(3.7925,3)/3 | M4: =MIN(3.8444,2)/2 | N4: =MIN(0.0,1)/1 | O4: =MIN(13.7172,9)/9 | P4: =MIN(8.4586,8)/8 | Q4: =MIN(9.965,9)/9 | R4: =MIN(0.8625,2)/2 | S4: =MIN(0.0,12)/12 | T4: =MIN(0.0,3)/3 | U4: =MIN(0.0,3)/3 | V4: =MIN(0.0,2)/2 | W4: =MIN(5.4661,4)/4 | X4: =MIN(0.4475,5)/5 | Y4: =MIN(6.8539,6)/6 | Z4: =MIN(5.0558,3)/3 | AA4: =MIN(0.0,4)/4 | AB4: =MIN(20.7894,15)/15 | AC4: =MIN(8.1064,4)/4 | AD4: =MIN(6.9275,4)/4 | AE4: =MIN(0.3119,17)/17 | AF4: =MIN(0.0,6)/6
A5: PINNA ROBERTO CAO | B5: CPNRRT66D27H501V | C5: Project Management per il digitale - Tecninf - Fondoconoscenza | D5: =MIN(5.0389,5)/5 | E5: =MIN(12.6197,9)/9 | F5: =MIN(3.4808,2)/2 | G5: =MIN(5.8475,4)/4 | H5: =MIN(4.5628,3)/3 | I5: =MIN(1.6328,2)/2 | J5: =MIN(0.6986,2)/2 | K5: =MIN(2.3944,1)/1 | L5: =MIN(3.4122,3)/3 | M5: =MIN(0.4431,2)/2 | N5: =MIN(0.0,1)/1 | O5: =MIN(12.6281,9)/9 | P5: =MIN(8.2361,8)/8 | Q5: =MIN(6.9969,9)/9 | R5: =MIN(0.4106,2)/2 | S5: =MIN(21.9324,12)/12 | T5: =MIN(2.1933,3)/3 | U5: =MIN(0.0,3)/3 | V5: =MIN(0.0,2)/2 | W5: =MIN(0.0,4)/4 | X5: =MIN(0.0,5)/5 | Y5: =MIN(0.0,6)/6 | Z5: =MIN(1.9325,3)/3 | AA5: =MIN(0.0,4)/4 | AB5: =MIN(0.0,15)/15 | AC5: =MIN(14.1503,4)/4 | AD5: =MIN(0.0,4)/4 | AE5: =MIN(0.3139,17)/17 | AF5: =MIN(0.0,6)/6
A6: VISWANATHAN SRIDHAR | B6: VSWSDH86S22Z222H | C6: Project Management per il digitale - Tecninf - Fondoconoscenza | D6: =MIN(4.8625,5)/5 | E6: =MIN(14.3408,9)/9 | F6: =MIN(4.9811,2)/2 | G6: =MIN(6.2511,4)/4 | H6: =MIN(3.3536,3)/3 | I6: =MIN(2.3942,2)/2 | J6: =MIN(2.7208,2)/2 | K6: =MIN(1.4639,1)/1 | L6: =MIN(4.4483,3)/3 | M6: =MIN(2.4906,2)/2 | N6: =MIN(0.0,1)/1 | O6: =MIN(15.0625,9)/9 | P6: =MIN(10.1381,8)/8 | Q6: =MIN(20.4028,9)/9 | R6: =MIN(2.5972,2)/2 | S6: =MIN(15.2406,12)/12 | T6: =MIN(3.4786,3)/3 | U6: =MIN(0.0,3)/3 | V6: =MIN(2.7483,2)/2 | W6: =MIN(5.1081,4)/4 | X6: =MIN(6.3644,5)/5 | Y6: =MIN(10.2725,6)/6 | Z6: =MIN(5.4219,3)/3 | AA6: =MIN(0.0,4)/4 | AB6: =MIN(27.2044,15)/15 | AC6: =MIN(6.2703,4)/4 | AD6: =MIN(4.5958,4)/4 | AE6: =MIN(25.7533,17)/17 | AF6: =MIN(7.4011,6)/6

Sheet Dettaglio - Sicurezza Inform.
A1: DETTAGLIO SICUREZZA INFORMATICA - % veritiera per singolo corso (ore effettive cappate al 100% della durata attesa)
A2: Durata attesa (h) | D2: 20 | E2: 5 | F2: 2 | G2: 17 | H2: 25 | I2: 20 | J2: 16 | K2: 20 | L2: 5 | M2: 7 | N2: 7 | O2: 2 | P2: 2 | Q2: 3 | R2: 2 | S2: 3
A3: Discente | B3: Codice Fiscale | C3: Percorso Formativo | D3: GDPR e nuove normative Europee | E3: Elementi base di sicurezza informatica | F3: Virus e Antivirus per tutti | G3: La Cyber Security | H3: La Network Security | I3: Cloud e Fog Computing | J3: I sistemi cyber fisici | K3: Internet delle Cose e delle Macchine | L3: Tecnologie IoT e sviluppo | M3: La sicurezza nelle Tecnologie IoT | N3: Il Ruolo dell'Ethical Hacker in azienda | O3: Prevenire i rischi sui device mobili | P3: Gli attacchi tramite Ransomware | Q3: Prevenire gli attacchi tramite posta elettronica | R3: Cosa e il Cloud: utilizzo, funzionalita e sicurezza | S3: Sicurezza e Password Management
A4: CARABLUT VICTOR | B4: CRBVTR94A11Z140B | C4: Sicurezza Informatica - Tecninf - Fondoconoscenza | D4: =MIN(11.9453,20)/20 | E4: =MIN(9.9044,5)/5 | F4: =MIN(0.0,2)/2 | G4: =MIN(0.9919,17)/17 | H4: =MIN(1.8014,25)/25 | I4: =MIN(8.7972,20)/20 | J4: =MIN(8.8236,16)/16 | K4: =MIN(3.8575,20)/20 | L4: =MIN(0.0,5)/5 | M4: =MIN(0.0,7)/7 | N4: =MIN(7.1564,7)/7 | O4: =MIN(0.0,2)/2 | P4: =MIN(0.8433,2)/2 | Q4: =MIN(0.0,3)/3 | R4: =MIN(0.0,2)/2 | S4: =MIN(0.0,3)/3
A5: PASSIO ROBERTA | B5: PSSRRT76L56H501O | C5: Sicurezza Informatica - Tecninf - Fondoconoscenza | D5: =MIN(0.495,20)/20 | E5: =MIN(0.5689,5)/5 | F5: =MIN(1.7764,2)/2 | G5: =MIN(13.8275,17)/17 | H5: =MIN(13.5889,25)/25 | I5: =MIN(1.6156,20)/20 | J5: =MIN(12.8208,16)/16 | K5: =MIN(11.8939,20)/20 | L5: =MIN(7.41,5)/5 | M5: =MIN(9.7789,7)/7 | N5: =MIN(14.8958,7)/7 | O5: =MIN(2.3922,2)/2 | P5: =MIN(0.21,2)/2 | Q5: =MIN(7.6872,3)/3 | R5: =MIN(0.0,2)/2 | S5: =MIN(3.3433,3)/3
A6: PRASAD RAKESH KUMAR | B6: PRSRSH87S19H501S | C6: Sicurezza Informatica - Tecninf - Fondoconoscenza | D6: =MIN(0.0,20)/20 | E6: =MIN(0.0,5)/5 | F6: =MIN(0.0,2)/2 | G6: =MIN(6.4183,17)/17 | H6: =MIN(0.0,25)/25 | I6: =MIN(0.7822,20)/20 | J6: =MIN(0.0,16)/16 | K6: =MIN(0.0,20)/20 | L6: =MIN(0.0,5)/5 | M6: =MIN(0.0,7)/7 | N6: =MIN(0.0,7)/7 | O6: =MIN(0.0,2)/2 | P6: =MIN(0.0,2)/2 | Q6: =MIN(0.0,3)/3 | R6: =MIN(0.0,2)/2 | S6: =MIN(0.0,3)/3
